json_path,key_type,requested_num_keys,actual_num_keys,seed,system,repeat_index,status,total_found,total_ns,data_bytes,end_to_end_throughput_mib_s
google_map_large_record.json,highest,16,16,1,jq,0,ok,28960335,64181436289,1136069010,16.880891097910268
google_map_large_record.json,highest,16,16,1,jq,1,ok,28960335,64004263164,1136069010,16.927619863788536
google_map_large_record.json,highest,16,16,1,jq,2,ok,28960335,63995766776,1136069010,16.929867256600978
google_map_large_record.json,highest,16,16,1,jq,3,ok,28960335,64246881638,1136069010,16.863695309084928
google_map_large_record.json,highest,16,16,1,jq,4,ok,28960335,63990713867,1136069010,16.931204092423869
google_map_large_record.json,highest,32,32,1,jq,0,ok,29030176,64208055508,1136069010,16.873892659264289
google_map_large_record.json,highest,32,32,1,jq,1,ok,29030176,64143596354,1136069010,16.89084956388654
google_map_large_record.json,highest,32,32,1,jq,2,ok,29030176,64171157153,1136069010,16.883595131670841
google_map_large_record.json,highest,32,32,1,jq,3,ok,29030176,64004783811,1136069010,16.927482166041983
google_map_large_record.json,highest,32,32,1,jq,4,ok,29030176,64167415493,1136069010,16.884579629364492
google_map_large_record.json,highest,60,36,1,jq,0,ok,29034868,63998773457,1136069010,16.929071886510844
google_map_large_record.json,highest,60,36,1,jq,1,ok,29034868,64090673085,1136069010,16.904797287199145
google_map_large_record.json,highest,60,36,1,jq,2,ok,29034868,64098670318,1136069010,16.902688170082474
google_map_large_record.json,highest,60,36,1,jq,3,ok,29034868,65000360144,1136069010,16.668212823772862
google_map_large_record.json,highest,60,36,1,jq,4,ok,29034868,64109310126,1136069010,16.899882940132876
google_map_large_record.json,lowest,16,16,1,jq,0,ok,56868,61104616649,1136069010,17.730899822604584
google_map_large_record.json,lowest,16,16,1,jq,1,ok,56868,60178980782,1136069010,18.003625558679126
google_map_large_record.json,lowest,16,16,1,jq,2,ok,56868,59934397104,1136069010,18.077095772266755
google_map_large_record.json,lowest,16,16,1,jq,3,ok,56868,60189724991,1136069010,18.00041180889394
google_map_large_record.json,lowest,16,16,1,jq,4,ok,56868,60144966848,1136069010,18.013807194210845
google_map_large_record.json,lowest,32,32,1,jq,0,ok,15248676,62311157518,1136069010,17.387573584860768
google_map_large_record.json,lowest,32,32,1,jq,1,ok,15248676,62406468141,1136069010,17.361018317110521
google_map_large_record.json,lowest,32,32,1,jq,2,ok,15248676,62323075637,1136069010,17.384248537613217
google_map_large_record.json,lowest,32,32,1,jq,3,ok,15248676,62397268081,1136069010,17.36357808318828
google_map_large_record.json,lowest,32,32,1,jq,4,ok,15248676,62338575065,1136069010,17.379926239449329
google_map_large_record.json,lowest,60,36,1,jq,0,ok,29034868,64010263109,1136069010,16.926033168417657
google_map_large_record.json,lowest,60,36,1,jq,1,ok,29034868,63898547342,1136069010,16.955625465212083
google_map_large_record.json,lowest,60,36,1,jq,2,ok,29034868,64054947586,1136069010,16.914225634912146
google_map_large_record.json,lowest,60,36,1,jq,3,ok,29034868,64027108121,1136069010,16.921580066595606
google_map_large_record.json,lowest,60,36,1,jq,4,ok,29034868,63904247660,1136069010,16.954113007737352
google_map_large_record.json,no_match,16,16,1,jq,0,ok,0,60141971882,1136069010,18.01470425059907
google_map_large_record.json,no_match,16,16,1,jq,1,ok,0,60257214940,1136069010,17.980250789567528
google_map_large_record.json,no_match,16,16,1,jq,2,ok,0,60177052455,1136069010,18.00420247090474
google_map_large_record.json,no_match,16,16,1,jq,3,ok,0,60029474370,1136069010,18.048464489696233
google_map_large_record.json,no_match,16,16,1,jq,4,ok,0,60065887224,1136069010,18.037523236136845
google_map_large_record.json,no_match,32,32,1,jq,0,ok,0,60088485437,1136069010,18.030739643754405
google_map_large_record.json,no_match,32,32,1,jq,1,ok,0,60099203225,1136069010,18.027524132822233
google_map_large_record.json,no_match,32,32,1,jq,2,ok,0,60051410921,1136069010,18.041871454567204
google_map_large_record.json,no_match,32,32,1,jq,3,ok,0,60121792738,1136069010,18.020750665628217
google_map_large_record.json,no_match,32,32,1,jq,4,ok,0,60194190247,1136069010,17.999076523104694
google_map_large_record.json,no_match,60,60,1,jq,0,ok,0,59996723523,1136069010,18.058316736025326
google_map_large_record.json,no_match,60,60,1,jq,1,ok,0,60188245727,1136069010,18.000854210244114
google_map_large_record.json,no_match,60,60,1,jq,2,ok,0,60064334190,1136069010,18.0379896175134
google_map_large_record.json,no_match,60,60,1,jq,3,ok,0,59996928485,1136069010,18.058255045055333
google_map_large_record.json,no_match,60,60,1,jq,4,ok,0,60010535831,1136069010,18.054160348663245
google_map_large_record.json,all_match,16,16,1,jq,0,ok,16921548,62608757202,1136069010,17.304924820763976
google_map_large_record.json,all_match,16,16,1,jq,1,ok,16921548,62629099992,1136069010,17.299303944020746
google_map_large_record.json,all_match,16,16,1,jq,2,ok,16921548,62602515313,1136069010,17.306650237376147
google_map_large_record.json,all_match,16,16,1,jq,3,ok,16921548,62730011922,1136069010,17.271475061239432
google_map_large_record.json,all_match,16,16,1,jq,4,ok,16921548,62472961301,1136069010,17.342540099579569
google_map_large_record.json,all_match,32,32,1,jq,0,ok,20381231,62962426178,1136069010,17.207720576699202
google_map_large_record.json,all_match,32,32,1,jq,1,ok,20381231,63209438123,1136069010,17.140475673803596
google_map_large_record.json,all_match,32,32,1,jq,2,ok,20381231,62897722142,1136069010,17.225422473266445
google_map_large_record.json,all_match,32,32,1,jq,3,ok,20381231,63649108434,1136069010,17.022074042490825
google_map_large_record.json,all_match,32,32,1,jq,4,ok,20381231,63054285441,1136069010,17.182651883603562
google_map_large_record.json,all_match,60,60,1,jq,0,ok,29008689,64064909918,1136069010,16.911595409855817
google_map_large_record.json,all_match,60,60,1,jq,1,ok,29008689,63967106101,1136069010,16.937452740028483
google_map_large_record.json,all_match,60,60,1,jq,2,ok,29008689,63938455439,1136069010,16.945042370248103
google_map_large_record.json,all_match,60,60,1,jq,3,ok,29008689,63903813745,1136069010,16.954228128314899
google_map_large_record.json,all_match,60,60,1,jq,4,ok,29008689,64052626069,1136069010,16.914838672421507
google_map_large_record.json,mixed,16,16,1,jq,0,ok,6902190,61352510674,1136069010,17.65925835144699
google_map_large_record.json,mixed,16,16,1,jq,1,ok,6902190,61307183779,1136069010,17.672314559540961
google_map_large_record.json,mixed,16,16,1,jq,2,ok,6902190,61155001099,1136069010,17.716291669231797
google_map_large_record.json,mixed,16,16,1,jq,3,ok,6902190,61093628779,1136069010,17.734088777428965
google_map_large_record.json,mixed,16,16,1,jq,4,ok,6902190,61168218444,1136069010,17.712463499226697
google_map_large_record.json,mixed,32,32,1,jq,0,ok,16921548,62773182854,1136069010,17.259596968692449
google_map_large_record.json,mixed,32,32,1,jq,1,ok,16921548,62590723785,1136069010,17.309910654232183
google_map_large_record.json,mixed,32,32,1,jq,2,ok,16921548,62411854937,1136069010,17.359519879608207
google_map_large_record.json,mixed,32,32,1,jq,3,ok,16921548,62567122030,1136069010,17.316440349974577
google_map_large_record.json,mixed,32,32,1,jq,4,ok,16921548,62603061258,1136069010,17.306499310584805
google_map_large_record.json,mixed,60,60,1,jq,0,ok,20376883,63963454414,1136069010,16.938419702750409
google_map_large_record.json,mixed,60,60,1,jq,1,ok,20376883,63130329533,1136069010,17.161954396828083
google_map_large_record.json,mixed,60,60,1,jq,2,ok,20376883,62946945612,1136069010,17.211952477890076
google_map_large_record.json,mixed,60,60,1,jq,3,ok,20376883,62855573988,1136069010,17.2369730759108
google_map_large_record.json,mixed,60,60,1,jq,4,ok,20376883,63122513810,1136069010,17.164079361022445
google_map_large_record.json,all,16,36,1,jq,0,ok,29034868,65001455419,1136069010,16.667931964264671
google_map_large_record.json,all,16,36,1,jq,1,ok,29034868,63999185194,1136069010,16.928962973791876
google_map_large_record.json,all,16,36,1,jq,2,ok,29034868,64265275186,1136069010,16.858868702675366
google_map_large_record.json,all,16,36,1,jq,3,ok,29034868,64184329087,1136069010,16.880130273442663
google_map_large_record.json,all,16,36,1,jq,4,ok,29034868,63942611777,1136069010,16.943940924411628
bestbuy_large_record.json,highest,16,16,1,jq,0,ok,5883264,76780142946,1044619305,12.97505531216971
bestbuy_large_record.json,highest,16,16,1,jq,1,ok,5883264,76797464208,1044619305,12.97212885704721
bestbuy_large_record.json,highest,16,16,1,jq,2,ok,5883264,76870231902,1044619305,12.959849046256451
bestbuy_large_record.json,highest,16,16,1,jq,3,ok,5883264,76773795384,1044619305,12.97612807361957
bestbuy_large_record.json,highest,16,16,1,jq,4,ok,5883264,76860073996,1044619305,12.961561833163122
bestbuy_large_record.json,highest,32,32,1,jq,0,ok,9564688,77430636599,1044619305,12.866052061019902
bestbuy_large_record.json,highest,32,32,1,jq,1,ok,9564688,77396153743,1044619305,12.871784364229462
bestbuy_large_record.json,highest,32,32,1,jq,2,ok,9564688,77277288844,1044619305,12.891583238792629
bestbuy_large_record.json,highest,32,32,1,jq,3,ok,9564688,77415297441,1044619305,12.868601355693226
bestbuy_large_record.json,highest,32,32,1,jq,4,ok,9564688,77467457279,1044619305,12.859936760447999
bestbuy_large_record.json,highest,60,60,1,jq,0,ok,16007180,78489535734,1044619305,12.692476675831614
bestbuy_large_record.json,highest,60,60,1,jq,1,ok,16007180,78412183209,1044619305,12.704997627030769
bestbuy_large_record.json,highest,60,60,1,jq,2,ok,16007180,78764512309,1044619305,12.648165682691765
bestbuy_large_record.json,highest,60,60,1,jq,3,ok,16007180,78581180459,1044619305,12.677674168058999
bestbuy_large_record.json,highest,60,60,1,jq,4,ok,16007180,78477624335,1044619305,12.694403150483021
bestbuy_large_record.json,lowest,16,16,1,jq,0,ok,19,75734934432,1044619305,13.15412245448139
bestbuy_large_record.json,lowest,16,16,1,jq,1,ok,19,75689530510,1044619305,13.162013225449018
bestbuy_large_record.json,lowest,16,16,1,jq,2,ok,19,75836061314,1044619305,13.136581519915181
bestbuy_large_record.json,lowest,16,16,1,jq,3,ok,19,76586123074,1044619305,13.007925739210751
bestbuy_large_record.json,lowest,16,16,1,jq,4,ok,19,75861552635,1044619305,13.132167310019188
bestbuy_large_record.json,lowest,32,32,1,jq,0,ok,77,75687114325,1044619305,13.162433400788094
bestbuy_large_record.json,lowest,32,32,1,jq,1,ok,77,75657473554,1044619305,13.167590124319934
bestbuy_large_record.json,lowest,32,32,1,jq,2,ok,77,75673221837,1044619305,13.164849829527775
bestbuy_large_record.json,lowest,32,32,1,jq,3,ok,77,75700312375,1044619305,13.160138582593888
bestbuy_large_record.json,lowest,32,32,1,jq,4,ok,77,75841073842,1044619305,13.135713290084601
bestbuy_large_record.json,lowest,60,60,1,jq,0,ok,299,75786101066,1044619305,13.145241509825938
bestbuy_large_record.json,lowest,60,60,1,jq,1,ok,299,75712936335,1044619305,13.157944333221151
bestbuy_large_record.json,lowest,60,60,1,jq,2,ok,299,75772613825,1044619305,13.147581313500332
bestbuy_large_record.json,lowest,60,60,1,jq,3,ok,299,75635600474,1044619305,13.171398063311512
bestbuy_large_record.json,lowest,60,60,1,jq,4,ok,299,75384341131,1044619305,13.215298915585702
bestbuy_large_record.json,no_match,16,16,1,jq,0,ok,0,75945435827,1044619305,13.117662579091686
bestbuy_large_record.json,no_match,16,16,1,jq,1,ok,0,76022500972,1044619305,13.104365008559363
bestbuy_large_record.json,no_match,16,16,1,jq,2,ok,0,75999180215,1044619305,13.108386153407761
bestbuy_large_record.json,no_match,16,16,1,jq,3,ok,0,76163842448,1044619305,13.080046510006495
bestbuy_large_record.json,no_match,16,16,1,jq,4,ok,0,76043687417,1044619305,13.100714016373894
bestbuy_large_record.json,no_match,32,32,1,jq,0,ok,0,76075558694,1044619305,13.095225571826374
bestbuy_large_record.json,no_match,32,32,1,jq,1,ok,0,76056165305,1044619305,13.098564693678478
bestbuy_large_record.json,no_match,32,32,1,jq,2,ok,0,76096128912,1044619305,13.091685685519106
bestbuy_large_record.json,no_match,32,32,1,jq,3,ok,0,76039711149,1044619305,13.101399078812102
bestbuy_large_record.json,no_match,32,32,1,jq,4,ok,0,76028536921,1044619305,13.103324645531581
bestbuy_large_record.json,no_match,60,60,1,jq,0,ok,0,76048949148,1044619305,13.099807594472811
bestbuy_large_record.json,no_match,60,60,1,jq,1,ok,0,76112667071,1044619305,13.088841055475553
bestbuy_large_record.json,no_match,60,60,1,jq,2,ok,0,76195102214,1044619305,13.074680296414137
bestbuy_large_record.json,no_match,60,60,1,jq,3,ok,0,76124371184,1044619305,13.086828647722692
bestbuy_large_record.json,no_match,60,60,1,jq,4,ok,0,75942191708,1044619305,13.118222942934912
bestbuy_large_record.json,all_match,16,16,1,jq,0,ok,3228959,76312920740,1044619305,13.054494467520323
bestbuy_large_record.json,all_match,16,16,1,jq,1,ok,3228959,76392202427,1044619305,13.040946195426635
bestbuy_large_record.json,all_match,16,16,1,jq,2,ok,3228959,76451385356,1044619305,13.030850872900002
bestbuy_large_record.json,all_match,16,16,1,jq,3,ok,3228959,76305683885,1044619305,13.055732559871375
bestbuy_large_record.json,all_match,16,16,1,jq,4,ok,3228959,76535111960,1044619305,13.016595600216942
bestbuy_large_record.json,all_match,32,32,1,jq,0,ok,4861221,76810338774,1044619305,12.969954533488737
bestbuy_large_record.json,all_match,32,32,1,jq,1,ok,4861221,76555195763,1044619305,13.013180773317735
bestbuy_large_record.json,all_match,32,32,1,jq,2,ok,4861221,76609413558,1044619305,13.003971122248791
bestbuy_large_record.json,all_match,32,32,1,jq,3,ok,4861221,76652517074,1044619305,12.996658682961373
bestbuy_large_record.json,all_match,32,32,1,jq,4,ok,4861221,76657959968,1044619305,12.995735889873805
bestbuy_large_record.json,all_match,60,60,1,jq,0,ok,7150831,76981402819,1044619305,12.941133379226565
bestbuy_large_record.json,all_match,60,60,1,jq,1,ok,7150831,77071006732,1044619305,12.926087822685885
bestbuy_large_record.json,all_match,60,60,1,jq,2,ok,7150831,76927825097,1044619305,12.950146456688238
bestbuy_large_record.json,all_match,60,60,1,jq,3,ok,7150831,76894967462,1044619305,12.955680124228712
bestbuy_large_record.json,all_match,60,60,1,jq,4,ok,7150831,77062368013,1044619305,12.927536841751204
bestbuy_large_record.json,mixed,16,16,1,jq,0,ok,1618245,76338075815,1044619305,13.050192724466001
bestbuy_large_record.json,mixed,16,16,1,jq,1,ok,1618245,75721703832,1044619305,13.156420830293593
bestbuy_large_record.json,mixed,16,16,1,jq,2,ok,1618245,76131893609,1044619305,13.085535566960825
bestbuy_large_record.json,mixed,16,16,1,jq,3,ok,1618245,76046764536,1044619305,13.10018391550426
bestbuy_large_record.json,mixed,16,16,1,jq,4,ok,1618245,76096849423,1044619305,13.091561728960897
bestbuy_large_record.json,mixed,32,32,1,jq,0,ok,3228959,76307317576,1044619305,13.055453044964299
bestbuy_large_record.json,mixed,32,32,1,jq,1,ok,3228959,76365808860,1044619305,13.045453410007225
bestbuy_large_record.json,mixed,32,32,1,jq,2,ok,3228959,76298399318,1044619305,13.056979052057535
bestbuy_large_record.json,mixed,32,32,1,jq,3,ok,3228959,76343783912,1044619305,13.049216983388956
bestbuy_large_record.json,mixed,32,32,1,jq,4,ok,3228959,76269687285,1044619305,13.061894404758828
bestbuy_large_record.json,mixed,60,60,1,jq,0,ok,4861123,76687734805,1044619305,12.99069015578347
bestbuy_large_record.json,mixed,60,60,1,jq,1,ok,4861123,76693089028,1044619305,12.98978322853749
bestbuy_large_record.json,mixed,60,60,1,jq,2,ok,4861123,78573841196,1044619305,12.678858338051601
bestbuy_large_record.json,mixed,60,60,1,jq,3,ok,4861123,76731167876,1044619305,12.98333687831496
bestbuy_large_record.json,mixed,60,60,1,jq,4,ok,4861123,76484813630,1044619305,13.025155639653573
bestbuy_large_record.json,all,16,318,1,jq,0,ok,40763348,81389375062,1044619305,12.24025372896341
bestbuy_large_record.json,all,16,318,1,jq,1,ok,40763348,81332770445,1044619305,12.248772495390766
bestbuy_large_record.json,all,16,318,1,jq,2,ok,40763348,81381587387,1044619305,12.241425039588076
bestbuy_large_record.json,all,16,318,1,jq,3,ok,40763348,81429189645,1044619305,12.234268889863849
bestbuy_large_record.json,all,16,318,1,jq,4,ok,40763348,81459366002,1044619305,12.229736744773922
nspl_large_record.json,highest,16,16,1,jq,0,ok,1475,76744792061,1210219151,15.038869616251045
nspl_large_record.json,highest,16,16,1,jq,1,ok,1475,76824509906,1210219151,15.023264358521311
nspl_large_record.json,highest,16,16,1,jq,2,ok,1475,76728683522,1210219151,15.042026899897907
nspl_large_record.json,highest,16,16,1,jq,3,ok,1475,76707322399,1210219151,15.046215738417215
nspl_large_record.json,highest,16,16,1,jq,4,ok,1475,76707485866,1210219151,15.04618367427484
nspl_large_record.json,highest,32,32,1,jq,0,ok,1604,76605862810,1210219151,15.066143493406562
nspl_large_record.json,highest,32,32,1,jq,1,ok,1604,76689231804,1210219151,15.049765063254659
nspl_large_record.json,highest,32,32,1,jq,2,ok,1604,76902020799,1210219151,15.008122147379064
nspl_large_record.json,highest,32,32,1,jq,3,ok,1604,77014047213,1210219151,14.986290985845702
nspl_large_record.json,highest,32,32,1,jq,4,ok,1604,76490099800,1210219151,15.088945164792127
nspl_large_record.json,highest,60,60,1,jq,0,ok,1632,76625200596,1210219151,15.062341273556504
nspl_large_record.json,highest,60,60,1,jq,1,ok,1632,79438092259,1210219151,14.528985889649388
nspl_large_record.json,highest,60,60,1,jq,2,ok,1632,76485316955,1210219151,15.089888719565904
nspl_large_record.json,highest,60,60,1,jq,3,ok,1632,76476109332,1210219151,15.09170552232503
nspl_large_record.json,highest,60,60,1,jq,4,ok,1632,76561404454,1210219151,15.074892235357598
nspl_large_record.json,lowest,16,16,1,jq,0,ok,16,76655479535,1210219151,15.056391643922906
nspl_large_record.json,lowest,16,16,1,jq,1,ok,16,76573006570,1210219151,15.072608132169849
nspl_large_record.json,lowest,16,16,1,jq,2,ok,16,76629448808,1210219151,15.061506241856005
nspl_large_record.json,lowest,16,16,1,jq,3,ok,16,76519692669,1210219151,15.083109736524774
nspl_large_record.json,lowest,16,16,1,jq,4,ok,16,76424016332,1210219151,15.101992500862762
nspl_large_record.json,lowest,32,32,1,jq,0,ok,32,76454594419,1210219151,15.095952444747443
nspl_large_record.json,lowest,32,32,1,jq,1,ok,32,76585858510,1210219151,15.070078784596721
nspl_large_record.json,lowest,32,32,1,jq,2,ok,32,76519246640,1210219151,15.083197655638566
nspl_large_record.json,lowest,32,32,1,jq,3,ok,32,76391284411,1210219151,15.108463359800298
nspl_large_record.json,lowest,32,32,1,jq,4,ok,32,76911387087,1210219151,15.006294454501642
nspl_large_record.json,lowest,60,60,1,jq,0,ok,60,76730497191,1210219151,15.041671353421808
nspl_large_record.json,lowest,60,60,1,jq,1,ok,60,76518754870,1210219151,15.083294592188615
nspl_large_record.json,lowest,60,60,1,jq,2,ok,60,76474627679,1210219151,15.0919979156513
nspl_large_record.json,lowest,60,60,1,jq,3,ok,60,76456309442,1210219151,15.0956138212141
nspl_large_record.json,lowest,60,60,1,jq,4,ok,60,76782117933,1210219151,15.031558813456952
nspl_large_record.json,no_match,16,16,1,jq,0,ok,0,76562126955,1210219151,15.074749976708993
nspl_large_record.json,no_match,16,16,1,jq,1,ok,0,76706872780,1210219151,15.0463039321374
nspl_large_record.json,no_match,16,16,1,jq,2,ok,0,76611207895,1210219151,15.065092344105995
nspl_large_record.json,no_match,16,16,1,jq,3,ok,0,76553143201,1210219151,15.076519046400184
nspl_large_record.json,no_match,16,16,1,jq,4,ok,0,76494288683,1210219151,15.08811888315755
nspl_large_record.json,no_match,32,32,1,jq,0,ok,0,76416085395,1210219151,15.103559879647996
nspl_large_record.json,no_match,32,32,1,jq,1,ok,0,76597551405,1210219151,15.067778282222458
nspl_large_record.json,no_match,32,32,1,jq,2,ok,0,76617716119,1210219151,15.063812653186941
nspl_large_record.json,no_match,32,32,1,jq,3,ok,0,76548066133,1210219151,15.077518999975352
nspl_large_record.json,no_match,32,32,1,jq,4,ok,0,76529107780,1210219151,15.081254113788352
nspl_large_record.json,no_match,60,60,1,jq,0,ok,0,76600800271,1210219151,15.067139213278223
nspl_large_record.json,no_match,60,60,1,jq,1,ok,0,76549936266,1210219151,15.077150652629614
nspl_large_record.json,no_match,60,60,1,jq,2,ok,0,76605571519,1210219151,15.066200782085666
nspl_large_record.json,no_match,60,60,1,jq,3,ok,0,76612521081,1210219151,15.064834119104704
nspl_large_record.json,no_match,60,60,1,jq,4,ok,0,76495606415,1210219151,15.087858971536427
nspl_large_record.json,all_match,16,16,1,jq,0,ok,605,76846731418,1210219151,15.018920131472719
nspl_large_record.json,all_match,16,16,1,jq,1,ok,605,76514664171,1210219151,15.084100989482172
nspl_large_record.json,all_match,16,16,1,jq,2,ok,605,76462526346,1210219151,15.09438644897789
nspl_large_record.json,all_match,16,16,1,jq,3,ok,605,76825032129,1210219151,15.023162236934562
nspl_large_record.json,all_match,16,16,1,jq,4,ok,605,76582108354,1210219151,15.070816752610259
nspl_large_record.json,all_match,32,32,1,jq,0,ok,680,76481752332,1210219151,15.090592021500772
nspl_large_record.json,all_match,32,32,1,jq,1,ok,680,76455445978,1210219151,15.095784306376089
nspl_large_record.json,all_match,32,32,1,jq,2,ok,680,76700617989,1210219151,15.04753092989681
nspl_large_record.json,all_match,32,32,1,jq,3,ok,680,76521807746,1210219151,15.08269283656603
nspl_large_record.json,all_match,32,32,1,jq,4,ok,680,76565558855,1210219151,15.074074280805787
nspl_large_record.json,all_match,60,60,1,jq,0,ok,887,76566448019,1210219151,15.073899226006581
nspl_large_record.json,all_match,60,60,1,jq,1,ok,887,76658035189,1210219151,15.05588968835575
nspl_large_record.json,all_match,60,60,1,jq,2,ok,887,76493693742,1210219151,15.088236233230443
nspl_large_record.json,all_match,60,60,1,jq,3,ok,887,76525890854,1210219151,15.081888085871917
nspl_large_record.json,all_match,60,60,1,jq,4,ok,887,76546582396,1210219151,15.077811254340057
nspl_large_record.json,mixed,16,16,1,jq,0,ok,497,77272837653,1210219151,14.936101178456838
nspl_large_record.json,mixed,16,16,1,jq,1,ok,497,76612118948,1210219151,15.064913193630014
nspl_large_record.json,mixed,16,16,1,jq,2,ok,497,80813105471,1210219151,14.281779110021317
nspl_large_record.json,mixed,16,16,1,jq,3,ok,497,76554737100,1210219151,15.076205147488871
nspl_large_record.json,mixed,16,16,1,jq,4,ok,497,79657999068,1210219151,14.488876635558391
nspl_large_record.json,mixed,32,32,1,jq,0,ok,605,76481706511,1210219151,15.0906010624342
nspl_large_record.json,mixed,32,32,1,jq,1,ok,605,76555806404,1210219151,15.07599456847173
nspl_large_record.json,mixed,32,32,1,jq,2,ok,605,76465596952,1210219151,15.093780308236902
nspl_large_record.json,mixed,32,32,1,jq,3,ok,605,76591722690,1210219151,15.068924956852635
nspl_large_record.json,mixed,32,32,1,jq,4,ok,605,76436299612,1210219151,15.099565617256575
nspl_large_record.json,mixed,60,60,1,jq,0,ok,678,76546472228,1210219151,15.077832954782441
nspl_large_record.json,mixed,60,60,1,jq,1,ok,678,76620973968,1210219151,15.063172154581313
nspl_large_record.json,mixed,60,60,1,jq,2,ok,678,76622850529,1210219151,15.062803244247041
nspl_large_record.json,mixed,60,60,1,jq,3,ok,678,76529871470,1210219151,15.08110361826637
nspl_large_record.json,mixed,60,60,1,jq,4,ok,678,76568332653,1210219151,15.073528200779707
nspl_large_record.json,all,16,97,1,jq,0,ok,1669,76476047456,1210219151,15.091717732872018
nspl_large_record.json,all,16,97,1,jq,1,ok,1669,76533571992,1210219151,15.080374422512518
nspl_large_record.json,all,16,97,1,jq,2,ok,1669,76636692749,1210219151,15.060082580961028
nspl_large_record.json,all,16,97,1,jq,3,ok,1669,76625661859,1210219151,15.062250602878375
nspl_large_record.json,all,16,97,1,jq,4,ok,1669,76490727440,1210219151,15.088821353372623
openfood.json,highest,16,16,1,jq,0,ok,9986,70022200,866679,11.803820829232048
openfood.json,highest,16,16,1,jq,1,ok,9986,69819426,866679,11.838102233447929
openfood.json,highest,16,16,1,jq,2,ok,9986,69904398,866679,11.823712477556167
openfood.json,highest,16,16,1,jq,3,ok,9986,69238649,866679,11.937400784187057
openfood.json,highest,16,16,1,jq,4,ok,9986,69171498,866679,11.94898949374571
openfood.json,highest,32,32,1,jq,0,ok,11934,69429105,866679,11.90465443661779
openfood.json,highest,32,32,1,jq,1,ok,11934,69459662,866679,11.899417288679757
openfood.json,highest,32,32,1,jq,2,ok,11934,69953396,866679,11.815430702873272
openfood.json,highest,32,32,1,jq,3,ok,11934,69239998,866679,11.937168208304286
openfood.json,highest,32,32,1,jq,4,ok,11934,69251542,866679,11.935178322363599
openfood.json,highest,60,60,1,jq,0,ok,15294,70043084,866679,11.800301409753065
openfood.json,highest,60,60,1,jq,1,ok,15294,69952332,866679,11.81561041980205
openfood.json,highest,60,60,1,jq,2,ok,15294,70181089,866679,11.777097144626131
openfood.json,highest,60,60,1,jq,3,ok,15294,70167377,866679,11.779398606686586
openfood.json,highest,60,60,1,jq,4,ok,15294,69792920,866679,11.842598115520204
openfood.json,lowest,16,16,1,jq,0,ok,16,67595896,866679,12.227510126778293
openfood.json,lowest,16,16,1,jq,1,ok,16,67471730,866679,12.250012010491687
openfood.json,lowest,16,16,1,jq,2,ok,16,67625032,866679,12.222241948346174
openfood.json,lowest,16,16,1,jq,3,ok,16,67527641,866679,12.239869342817
openfood.json,lowest,16,16,1,jq,4,ok,16,67486778,866679,12.247280539436218
openfood.json,lowest,32,32,1,jq,0,ok,32,67935159,866679,12.166446874270985
openfood.json,lowest,32,32,1,jq,1,ok,32,67711124,866679,12.206701854021096
openfood.json,lowest,32,32,1,jq,2,ok,32,68102316,866679,12.136584354468244
openfood.json,lowest,32,32,1,jq,3,ok,32,67563538,866679,12.233366211056802
openfood.json,lowest,32,32,1,jq,4,ok,32,67534941,866679,12.238546308475376
openfood.json,lowest,60,60,1,jq,0,ok,60,67636973,866679,12.220084167111564
openfood.json,lowest,60,60,1,jq,1,ok,60,67798981,866679,12.190883855151929
openfood.json,lowest,60,60,1,jq,2,ok,60,67524457,866679,12.240446492870758
openfood.json,lowest,60,60,1,jq,3,ok,60,67612442,866679,12.224517831624132
openfood.json,lowest,60,60,1,jq,4,ok,60,67731538,866679,12.203022805545215
openfood.json,no_match,16,16,1,jq,0,ok,0,67745197,866679,12.200562393650614
openfood.json,no_match,16,16,1,jq,1,ok,0,67660269,866679,12.215876689296822
openfood.json,no_match,16,16,1,jq,2,ok,0,67758286,866679,12.198205587264299
openfood.json,no_match,16,16,1,jq,3,ok,0,67822829,866679,12.186597271969477
openfood.json,no_match,16,16,1,jq,4,ok,0,67748332,866679,12.199997822361919
openfood.json,no_match,32,32,1,jq,0,ok,0,68134552,866679,12.130842261480671
openfood.json,no_match,32,32,1,jq,1,ok,0,67599130,866679,12.226925152271225
openfood.json,no_match,32,32,1,jq,2,ok,0,67794291,866679,12.191727218869394
openfood.json,no_match,32,32,1,jq,3,ok,0,67803219,866679,12.190121871185088
openfood.json,no_match,32,32,1,jq,4,ok,0,68556042,866679,12.056260524326248
openfood.json,no_match,60,60,1,jq,0,ok,0,67772858,866679,12.195582822678842
openfood.json,no_match,60,60,1,jq,1,ok,0,67517193,866679,12.241763410819706
openfood.json,no_match,60,60,1,jq,2,ok,0,67633265,866679,12.22075413435463
openfood.json,no_match,60,60,1,jq,3,ok,0,67860046,866679,12.179913683946697
openfood.json,no_match,60,60,1,jq,4,ok,0,67792519,866679,12.19204589327404
openfood.json,all_match,16,16,1,jq,0,ok,2740,68735076,866679,12.024857626819999
openfood.json,all_match,16,16,1,jq,1,ok,2740,68071485,866679,12.14208126748891
openfood.json,all_match,16,16,1,jq,2,ok,2740,68000714,866679,12.154718005882296
openfood.json,all_match,16,16,1,jq,3,ok,2740,68050555,866679,12.14581575225437
openfood.json,all_match,16,16,1,jq,4,ok,2740,68023051,866679,12.150726712752892
openfood.json,all_match,32,32,1,jq,0,ok,3084,68493421,866679,12.067283117142773
openfood.json,all_match,32,32,1,jq,1,ok,3084,68326651,866679,12.09673664334364
openfood.json,all_match,32,32,1,jq,2,ok,3084,68133522,866679,12.131025647971821
openfood.json,all_match,32,32,1,jq,3,ok,3084,68187153,866679,12.121484275324596
openfood.json,all_match,32,32,1,jq,4,ok,3084,68113438,866679,12.134602614959068
openfood.json,all_match,60,60,1,jq,0,ok,3731,68154002,866679,12.127380324176009
openfood.json,all_match,60,60,1,jq,1,ok,3731,68208866,866679,12.117625630495782
openfood.json,all_match,60,60,1,jq,2,ok,3731,68219669,866679,12.115706730688657
openfood.json,all_match,60,60,1,jq,3,ok,3731,68348844,866679,12.092808809884954
openfood.json,all_match,60,60,1,jq,4,ok,3731,68322509,866679,12.097469998776718
openfood.json,mixed,16,16,1,jq,0,ok,2429,67960400,866679,12.161928165058656
openfood.json,mixed,16,16,1,jq,1,ok,2429,68055356,866679,12.144958919451577
openfood.json,mixed,16,16,1,jq,2,ok,2429,68071950,866679,12.141998324840882
openfood.json,mixed,16,16,1,jq,3,ok,2429,67831046,866679,12.185120997082256
openfood.json,mixed,16,16,1,jq,4,ok,2429,67880288,866679,12.176281616080537
openfood.json,mixed,32,32,1,jq,0,ok,2740,67981920,866679,12.158078248873412
openfood.json,mixed,32,32,1,jq,1,ok,2740,68184798,866679,12.121902933094447
openfood.json,mixed,32,32,1,jq,2,ok,2740,67993033,866679,12.156091093460301
openfood.json,mixed,32,32,1,jq,3,ok,2740,68222025,866679,12.115288323216033
openfood.json,mixed,32,32,1,jq,4,ok,2740,68372526,866679,12.088620257625882
openfood.json,mixed,60,60,1,jq,0,ok,3070,68000362,866679,12.154780924087616
openfood.json,mixed,60,60,1,jq,1,ok,3070,67973120,866679,12.1596522694361
openfood.json,mixed,60,60,1,jq,2,ok,3070,68218966,866679,12.115831583677952
openfood.json,mixed,60,60,1,jq,3,ok,3070,68132427,866679,12.13122061347752
openfood.json,mixed,60,60,1,jq,4,ok,3070,68121066,866679,12.133243817245202
openfood.json,all,16,740,1,jq,0,ok,30525,72022114,866679,11.476051686967317
openfood.json,all,16,740,1,jq,1,ok,30525,72126678,866679,11.459414543792692
openfood.json,all,16,740,1,jq,2,ok,30525,72174583,866679,11.451808497025224
openfood.json,all,16,740,1,jq,3,ok,30525,72583987,866679,11.387215514472253
openfood.json,all,16,740,1,jq,4,ok,30525,72221713,866679,11.444335346471945
ast.json,highest,16,16,1,jq,0,ok,1529806,3326070611,25593223,7.3382685768716875
ast.json,highest,16,16,1,jq,1,ok,1529806,3331744388,25593223,7.3257719100741872
ast.json,highest,16,16,1,jq,2,ok,1529806,3324467347,25593223,7.3418075443523723
ast.json,highest,16,16,1,jq,3,ok,1529806,3336946013,25593223,7.3143525109699503
ast.json,highest,16,16,1,jq,4,ok,1529806,3324356741,25593223,7.3420518165615594
ast.json,highest,32,32,1,jq,0,ok,1693408,3368372655,25593223,7.2461101989196957
ast.json,highest,32,32,1,jq,1,ok,1693408,3367258590,25593223,7.248507590608809
ast.json,highest,32,32,1,jq,2,ok,1693408,3358898074,25593223,7.2665495979434462
ast.json,highest,32,32,1,jq,3,ok,1693408,3344325711,25593223,7.2982124225751628
ast.json,highest,32,32,1,jq,4,ok,1693408,3351176561,25593223,7.28329260033808
ast.json,highest,60,56,1,jq,0,ok,1696493,3346835049,25593223,7.2927404822207942
ast.json,highest,60,56,1,jq,1,ok,1696493,3357019343,25593223,7.270616268581243
ast.json,highest,60,56,1,jq,2,ok,1696493,3345806690,25593223,7.2949819611836917
ast.json,highest,60,56,1,jq,3,ok,1696493,3349933566,25593223,7.2859950707326098
ast.json,highest,60,56,1,jq,4,ok,1696493,3346869900,25593223,7.292664542818863
ast.json,lowest,16,16,1,jq,0,ok,307,3093241975,25593223,7.8906207941128548
ast.json,lowest,16,16,1,jq,1,ok,307,3095410633,25593223,7.8850925912541809
ast.json,lowest,16,16,1,jq,2,ok,307,3108188823,25593223,7.8526758955396048
ast.json,lowest,16,16,1,jq,3,ok,307,3100046729,25593223,7.8733004960318826
ast.json,lowest,16,16,1,jq,4,ok,307,3110836162,25593223,7.8459932243637445
ast.json,lowest,32,32,1,jq,0,ok,31840,3111950507,25593223,7.843183686326447
ast.json,lowest,32,32,1,jq,1,ok,31840,3118563403,25593223,7.826552259825168
ast.json,lowest,32,32,1,jq,2,ok,31840,3148199842,25593223,7.7528748726611854
ast.json,lowest,32,32,1,jq,3,ok,31840,3114912233,25593223,7.8357262174448286
ast.json,lowest,32,32,1,jq,4,ok,31840,3106283363,25593223,7.8574928932385735
ast.json,lowest,60,56,1,jq,0,ok,1696493,3339092651,25593223,7.3096502553914053
ast.json,lowest,60,56,1,jq,1,ok,1696493,3338914729,25593223,7.3100397674629312
ast.json,lowest,60,56,1,jq,2,ok,1696493,3338091819,25593223,7.3118418463604629
ast.json,lowest,60,56,1,jq,3,ok,1696493,3342162917,25593223,7.3029352713501234
ast.json,lowest,60,56,1,jq,4,ok,1696493,3344563028,25593223,7.2976945702091029
ast.json,no_match,16,16,1,jq,0,ok,0,3125345501,25593223,7.8095683953496167
ast.json,no_match,16,16,1,jq,1,ok,0,3119556059,25593223,7.8240618176234271
ast.json,no_match,16,16,1,jq,2,ok,0,3121821604,25593223,7.8183837980633424
ast.json,no_match,16,16,1,jq,3,ok,0,3121881263,25593223,7.8182343891269621
ast.json,no_match,16,16,1,jq,4,ok,0,3119893079,25593223,7.8232166395205223
ast.json,no_match,32,32,1,jq,0,ok,0,3117945689,25593223,7.8281028227229381
ast.json,no_match,32,32,1,jq,1,ok,0,3124827253,25593223,7.8108636007718903
ast.json,no_match,32,32,1,jq,2,ok,0,3116467671,25593223,7.8318153838977249
ast.json,no_match,32,32,1,jq,3,ok,0,3117175193,25593223,7.8300377546850681
ast.json,no_match,32,32,1,jq,4,ok,0,3120607451,25593223,7.8214257423939335
ast.json,no_match,60,60,1,jq,0,ok,0,3118397158,25593223,7.8269695014767313
ast.json,no_match,60,60,1,jq,1,ok,0,3120796943,25593223,7.8209508324161785
ast.json,no_match,60,60,1,jq,2,ok,0,3118425326,25593223,7.8268988023084427
ast.json,no_match,60,60,1,jq,3,ok,0,3108236446,25593223,7.8525555803735383
ast.json,no_match,60,60,1,jq,4,ok,0,3118388634,25593223,7.8269908962083896
ast.json,all_match,16,16,1,jq,0,ok,643880,3211028019,25593223,7.6011792188468332
ast.json,all_match,16,16,1,jq,1,ok,643880,3200169889,25593223,7.6269699096458545
ast.json,all_match,16,16,1,jq,2,ok,643880,3203527515,25593223,7.6189760615050357
ast.json,all_match,16,16,1,jq,3,ok,643880,3209455454,25593223,7.6049036352064334
ast.json,all_match,16,16,1,jq,4,ok,643880,3217404810,25593223,7.5861139304872598
ast.json,all_match,32,32,1,jq,0,ok,1000543,3257766959,25593223,7.4921256665485494
ast.json,all_match,32,32,1,jq,1,ok,1000543,3256654222,25593223,7.4946855838346709
ast.json,all_match,32,32,1,jq,2,ok,1000543,3266264908,25593223,7.4726331564156503
ast.json,all_match,32,32,1,jq,3,ok,1000543,3256426415,25593223,7.4952098830575649
ast.json,all_match,32,32,1,jq,4,ok,1000543,3258037436,25593223,7.4915036823897667
ast.json,all_match,60,60,1,jq,0,ok,1524858,3325036294,25593223,7.3405512875757246
ast.json,all_match,60,60,1,jq,1,ok,1524858,3318619556,25593223,7.354744657316699
ast.json,all_match,60,60,1,jq,2,ok,1524858,3311533926,25593223,7.3704814731098471
ast.json,all_match,60,60,1,jq,3,ok,1524858,3311594465,25593223,7.3703467339131796
ast.json,all_match,60,60,1,jq,4,ok,1524858,3327033064,25593223,7.3361457429620884
ast.json,mixed,16,16,1,jq,0,ok,328078,3172913861,25593223,7.6924872588457944
ast.json,mixed,16,16,1,jq,1,ok,328078,3154374756,25593223,7.7376980660688863
ast.json,mixed,16,16,1,jq,2,ok,328078,3181051410,25593223,7.6728088620100969
ast.json,mixed,16,16,1,jq,3,ok,328078,3167835429,25593223,7.7048192673514402
ast.json,mixed,16,16,1,jq,4,ok,328078,3166634528,25593223,7.7077412102157545
ast.json,mixed,32,32,1,jq,0,ok,643880,3216383252,25593223,7.5885233620653469
ast.json,mixed,32,32,1,jq,1,ok,643880,3204393204,25593223,7.6169177423950485
ast.json,mixed,32,32,1,jq,2,ok,643880,3212378200,25593223,7.5979843995821277
ast.json,mixed,32,32,1,jq,3,ok,643880,3225025002,25593223,7.5681892183847683
ast.json,mixed,32,32,1,jq,4,ok,643880,3207978270,25593223,7.6084054799902727
ast.json,mixed,60,60,1,jq,0,ok,1000540,3257644194,25593223,7.492408008864861
ast.json,mixed,60,60,1,jq,1,ok,1000540,3259568039,25593223,7.4879858794558869
ast.json,mixed,60,60,1,jq,2,ok,1000540,3266546872,25593223,7.4719881286178325
ast.json,mixed,60,60,1,jq,3,ok,1000540,3264212884,25593223,7.4773307736131445
ast.json,mixed,60,60,1,jq,4,ok,1000540,3258563765,25593223,7.4902936414250938
ast.json,all,16,56,1,jq,0,ok,1696493,3370501901,25593223,7.2415326162302955
ast.json,all,16,56,1,jq,1,ok,1696493,3361495852,25593223,7.2609339781382882
ast.json,all,16,56,1,jq,2,ok,1696493,3355610109,25593223,7.2736696625435382
ast.json,all,16,56,1,jq,3,ok,1696493,3345581823,25593223,7.2954722796979148
ast.json,all,16,56,1,jq,4,ok,1696493,3352034315,25593223,7.2814288743812323
crossref0.json,highest,16,16,1,jq,0,ok,6335217,20699919097,320401529,14.761347989465154
crossref0.json,highest,16,16,1,jq,1,ok,6335217,20763235058,320401529,14.716334342458913
crossref0.json,highest,16,16,1,jq,2,ok,6335217,20732014796,320401529,14.738495614210455
crossref0.json,highest,16,16,1,jq,3,ok,6335217,20743366174,320401529,14.73043027739555
crossref0.json,highest,16,16,1,jq,4,ok,6335217,20792703422,320401529,14.695477684796474
crossref0.json,highest,32,32,1,jq,0,ok,7642145,20890567105,320401529,14.626635438319868
crossref0.json,highest,32,32,1,jq,1,ok,7642145,20939872024,320401529,14.592195634929363
crossref0.json,highest,32,32,1,jq,2,ok,7642145,20928746769,320401529,14.599952520673183
crossref0.json,highest,32,32,1,jq,3,ok,7642145,20924082044,320401529,14.603207371393935
crossref0.json,highest,32,32,1,jq,4,ok,7642145,20939602444,320401529,14.592383497335527
crossref0.json,highest,60,60,1,jq,0,ok,8798858,21075019727,320401529,14.498620314605425
crossref0.json,highest,60,60,1,jq,1,ok,8798858,21012860429,320401529,14.541509480683958
crossref0.json,highest,60,60,1,jq,2,ok,8798858,21030148515,320401529,14.529555458281664
crossref0.json,highest,60,60,1,jq,3,ok,8798858,21071650156,320401529,14.500938791335555
crossref0.json,highest,60,60,1,jq,4,ok,8798858,21072902726,320401529,14.500076857830805
crossref0.json,lowest,16,16,1,jq,0,ok,89,19811449603,320401529,15.423339294582577
crossref0.json,lowest,16,16,1,jq,1,ok,89,19824609408,320401529,15.413101103585298
crossref0.json,lowest,16,16,1,jq,2,ok,89,19810343475,320401529,15.424200470334968
crossref0.json,lowest,16,16,1,jq,3,ok,89,19821318139,320401529,15.415660401685473
crossref0.json,lowest,16,16,1,jq,4,ok,89,19761468661,320401529,15.46234818809919
crossref0.json,lowest,32,32,1,jq,0,ok,817,19815053411,320401529,15.420534217433216
crossref0.json,lowest,32,32,1,jq,1,ok,817,19774491243,320401529,15.452165387706621
crossref0.json,lowest,32,32,1,jq,2,ok,817,19764753882,320401529,15.459778096344943
crossref0.json,lowest,32,32,1,jq,3,ok,817,19819402423,320401529,15.417150458078282
crossref0.json,lowest,32,32,1,jq,4,ok,817,19852985961,320401529,15.391070630123048
crossref0.json,lowest,60,60,1,jq,0,ok,15344,19756033621,320401529,15.466602001516826
crossref0.json,lowest,60,60,1,jq,1,ok,15344,19786535627,320401529,15.442759404917645
crossref0.json,lowest,60,60,1,jq,2,ok,15344,19809704027,320401529,15.424698356327053
crossref0.json,lowest,60,60,1,jq,3,ok,15344,19789307070,320401529,15.440596685055748
crossref0.json,lowest,60,60,1,jq,4,ok,15344,19765507522,320401529,15.459188629712145
crossref0.json,no_match,16,16,1,jq,0,ok,0,19839428382,320401529,15.401588355328871
crossref0.json,no_match,16,16,1,jq,1,ok,0,19858800830,320401529,15.386563960246551
crossref0.json,no_match,16,16,1,jq,2,ok,0,19847116384,320401529,15.395622378217233
crossref0.json,no_match,16,16,1,jq,3,ok,0,19814452776,320401529,15.421001659692379
crossref0.json,no_match,16,16,1,jq,4,ok,0,19865269832,320401529,15.381553421055605
crossref0.json,no_match,32,32,1,jq,0,ok,0,19853759901,320401529,15.390470654840639
crossref0.json,no_match,32,32,1,jq,1,ok,0,19880142309,320401529,15.370046370657109
crossref0.json,no_match,32,32,1,jq,2,ok,0,19831479706,320401529,15.407761481970795
crossref0.json,no_match,32,32,1,jq,3,ok,0,19872874982,320401529,15.375667054784691
crossref0.json,no_match,32,32,1,jq,4,ok,0,19826809541,320401529,15.411390749112975
crossref0.json,no_match,60,60,1,jq,0,ok,0,19804872366,320401529,15.428461415846334
crossref0.json,no_match,60,60,1,jq,1,ok,0,19866529106,320401529,15.380578434926955
crossref0.json,no_match,60,60,1,jq,2,ok,0,19854446517,320401529,15.389938414196706
crossref0.json,no_match,60,60,1,jq,3,ok,0,19826690716,320401529,15.411483112409099
crossref0.json,no_match,60,60,1,jq,4,ok,0,19901124639,320401529,15.353841287230194
crossref0.json,all_match,16,16,1,jq,0,ok,1532715,20019970298,320401529,15.262695428430165
crossref0.json,all_match,16,16,1,jq,1,ok,1532715,20073595850,320401529,15.221921943028073
crossref0.json,all_match,16,16,1,jq,2,ok,1532715,20066555696,320401529,15.227262404853132
crossref0.json,all_match,16,16,1,jq,3,ok,1532715,20049650163,320401529,15.240101780353058
crossref0.json,all_match,16,16,1,jq,4,ok,1532715,20036203226,320401529,15.250329900231982
crossref0.json,all_match,32,32,1,jq,0,ok,2308913,20200995374,320401529,15.12592342543013
crossref0.json,all_match,32,32,1,jq,1,ok,2308913,20179026272,320401529,15.142391165255543
crossref0.json,all_match,32,32,1,jq,2,ok,2308913,20160011033,320401529,15.156673706399369
crossref0.json,all_match,32,32,1,jq,3,ok,2308913,20174892081,320401529,15.145494108112562
crossref0.json,all_match,32,32,1,jq,4,ok,2308913,20475227613,320401529,14.923336380914707
crossref0.json,all_match,60,60,1,jq,0,ok,3655253,20377948163,320401529,14.994576819043619
crossref0.json,all_match,60,60,1,jq,1,ok,3655253,20406981459,320401529,14.973243826309897
crossref0.json,all_match,60,60,1,jq,2,ok,3655253,20398713547,320401529,14.979312712076895
crossref0.json,all_match,60,60,1,jq,3,ok,3655253,20373565013,320401529,14.99780273848101
crossref0.json,all_match,60,60,1,jq,4,ok,3655253,20401316477,320401529,14.977401555878638
crossref0.json,mixed,16,16,1,jq,0,ok,1053443,19977524967,320401529,15.295123377361879
crossref0.json,mixed,16,16,1,jq,1,ok,1053443,20030801344,320401529,15.254442590541638
crossref0.json,mixed,16,16,1,jq,2,ok,1053443,19949217030,320401529,15.316827155927346
crossref0.json,mixed,16,16,1,jq,3,ok,1053443,19964868412,320401529,15.304819588038679
crossref0.json,mixed,16,16,1,jq,4,ok,1053443,20029367115,320401529,15.255534904832777
crossref0.json,mixed,32,32,1,jq,0,ok,1532715,20121006694,320401529,15.186054743260366
crossref0.json,mixed,32,32,1,jq,1,ok,1532715,20038002865,320401529,15.248960248344204
crossref0.json,mixed,32,32,1,jq,2,ok,1532715,20063444776,320401529,15.229623454796917
crossref0.json,mixed,32,32,1,jq,3,ok,1532715,20056748073,320401529,15.234708439895568
crossref0.json,mixed,32,32,1,jq,4,ok,1532715,20067416098,320401529,15.226609527224857
crossref0.json,mixed,60,60,1,jq,0,ok,2308901,20156246481,320401529,15.159504495671992
crossref0.json,mixed,60,60,1,jq,1,ok,2308901,20268763630,320401529,15.075350165529178
crossref0.json,mixed,60,60,1,jq,2,ok,2308901,20186717323,320401529,15.136621980456921
crossref0.json,mixed,60,60,1,jq,3,ok,2308901,20174479723,320401529,15.14580367573191
crossref0.json,mixed,60,60,1,jq,4,ok,2308901,20170883299,320401529,15.148504139119222
crossref0.json,all,16,141,1,jq,0,ok,8979958,21064942662,320401529,14.50555617679432
crossref0.json,all,16,141,1,jq,1,ok,8979958,21051735595,320401529,14.514656417077818
crossref0.json,all,16,141,1,jq,2,ok,8979958,21053759974,320401529,14.513260791513586
crossref0.json,all,16,141,1,jq,3,ok,8979958,21063512298,320401529,14.506541208400717
crossref0.json,all,16,141,1,jq,4,ok,8979958,21073433404,320401529,14.499711712216456
crossref1.json,highest,16,16,1,jq,0,ok,10442288,36126514838,550523996,14.532832682722262
crossref1.json,highest,16,16,1,jq,1,ok,10442288,36192978957,550523996,14.506144856832629
crossref1.json,highest,16,16,1,jq,2,ok,10442288,36103306418,550523996,14.542174876503221
crossref1.json,highest,16,16,1,jq,3,ok,10442288,36992319797,550523996,14.192691846081932
crossref1.json,highest,16,16,1,jq,4,ok,10442288,36156897598,550523996,14.520620695609082
crossref1.json,highest,32,32,1,jq,0,ok,12906472,36504125040,550523996,14.38250047015884
crossref1.json,highest,32,32,1,jq,1,ok,12906472,36548566913,550523996,14.365011815655951
crossref1.json,highest,32,32,1,jq,2,ok,12906472,36496678644,550523996,14.385434923318693
crossref1.json,highest,32,32,1,jq,3,ok,12906472,36571891256,550523996,14.355850286096484
crossref1.json,highest,32,32,1,jq,4,ok,12906472,36506372852,550523996,14.381614894446406
crossref1.json,highest,60,60,1,jq,0,ok,15169715,36770787596,550523996,14.278198262134856
crossref1.json,highest,60,60,1,jq,1,ok,15169715,36804169038,550523996,14.265247912769276
crossref1.json,highest,60,60,1,jq,2,ok,15169715,36756820562,550523996,14.283623760791619
crossref1.json,highest,60,60,1,jq,3,ok,15169715,36786700168,550523996,14.272022039292391
crossref1.json,highest,60,60,1,jq,4,ok,15169715,36816168760,550523996,14.260598352128401
crossref1.json,lowest,16,16,1,jq,0,ok,69,34589886997,550523996,15.178442057242698
crossref1.json,lowest,16,16,1,jq,1,ok,69,34876518700,550523996,15.05369845157559
crossref1.json,lowest,16,16,1,jq,2,ok,69,34656344903,550523996,15.149335483012495
crossref1.json,lowest,16,16,1,jq,3,ok,69,34618052900,550523996,15.16609258952681
crossref1.json,lowest,16,16,1,jq,4,ok,69,34603724659,550523996,15.172372359458876
crossref1.json,lowest,32,32,1,jq,0,ok,851,34588070134,550523996,15.179239359597659
crossref1.json,lowest,32,32,1,jq,1,ok,851,34636127671,550523996,15.158178204491499
crossref1.json,lowest,32,32,1,jq,2,ok,851,34648192708,550523996,15.152899892216135
crossref1.json,lowest,32,32,1,jq,3,ok,851,34936625105,550523996,15.027799450365288
crossref1.json,lowest,32,32,1,jq,4,ok,851,34575429311,550523996,15.184788909721634
crossref1.json,lowest,60,60,1,jq,0,ok,23977,34780018660,550523996,15.095466183701499
crossref1.json,lowest,60,60,1,jq,1,ok,23977,34822405432,550523996,15.077091574727064
crossref1.json,lowest,60,60,1,jq,2,ok,23977,34647333469,550523996,15.153275677630102
crossref1.json,lowest,60,60,1,jq,3,ok,23977,34628717206,550523996,15.16142201939749
crossref1.json,lowest,60,60,1,jq,4,ok,23977,34686972621,550523996,15.135959003602464
crossref1.json,no_match,16,16,1,jq,0,ok,0,34749572465,550523996,15.108692231518571
crossref1.json,no_match,16,16,1,jq,1,ok,0,34693985758,550523996,15.132899379526433
crossref1.json,no_match,16,16,1,jq,2,ok,0,34708944637,550523996,15.126377394686358
crossref1.json,no_match,16,16,1,jq,3,ok,0,34715342175,550523996,15.123589821005044
crossref1.json,no_match,16,16,1,jq,4,ok,0,34751066639,550523996,15.108042610735966
crossref1.json,no_match,32,32,1,jq,0,ok,0,34786777915,550523996,15.092533054754378
crossref1.json,no_match,32,32,1,jq,1,ok,0,34681720200,550523996,15.138251289811659
crossref1.json,no_match,32,32,1,jq,2,ok,0,34685773207,550523996,15.136482396320972
crossref1.json,no_match,32,32,1,jq,3,ok,0,34679638912,550523996,15.139159807366598
crossref1.json,no_match,32,32,1,jq,4,ok,0,34694916145,550523996,15.132493572151192
crossref1.json,no_match,60,60,1,jq,0,ok,0,34695098568,550523996,15.132414007169714
crossref1.json,no_match,60,60,1,jq,1,ok,0,34718769354,550523996,15.122096932564482
crossref1.json,no_match,60,60,1,jq,2,ok,0,34777871899,550523996,15.096397993392848
crossref1.json,no_match,60,60,1,jq,3,ok,0,34973533306,550523996,15.011940342340688
crossref1.json,no_match,60,60,1,jq,4,ok,0,34717993201,550523996,15.122435001093747
crossref1.json,all_match,16,16,1,jq,0,ok,2556712,35043519170,550523996,14.981959802712849
crossref1.json,all_match,16,16,1,jq,1,ok,2556712,35064267940,550523996,14.973094446144513
crossref1.json,all_match,16,16,1,jq,2,ok,2556712,35017013713,550523996,14.99330010987271
crossref1.json,all_match,16,16,1,jq,3,ok,2556712,35017267767,550523996,14.993191331886619
crossref1.json,all_match,16,16,1,jq,4,ok,2556712,35120681110,550523996,14.949043667636806
crossref1.json,all_match,32,32,1,jq,0,ok,3768055,35240394560,550523996,14.898260990144179
crossref1.json,all_match,32,32,1,jq,1,ok,3768055,35204591782,550523996,14.913412398066168
crossref1.json,all_match,32,32,1,jq,2,ok,3768055,35414196286,550523996,14.825145015590516
crossref1.json,all_match,32,32,1,jq,3,ok,3768055,35237813087,550523996,14.899352415948556
crossref1.json,all_match,32,32,1,jq,4,ok,3768055,35225422134,550523996,14.904593436902518
crossref1.json,all_match,60,60,1,jq,0,ok,6133582,35551596911,550523996,14.76784845600257
crossref1.json,all_match,60,60,1,jq,1,ok,6133582,35629070733,550523996,14.735736429529098
crossref1.json,all_match,60,60,1,jq,2,ok,6133582,35623778771,550523996,14.737925443718984
crossref1.json,all_match,60,60,1,jq,3,ok,6133582,35616845705,550523996,14.74079428310613
crossref1.json,all_match,60,60,1,jq,4,ok,6133582,35596452748,550523996,14.749239180301064
crossref1.json,mixed,16,16,1,jq,0,ok,1716710,34946781039,550523996,15.023432200082269
crossref1.json,mixed,16,16,1,jq,1,ok,1716710,34905981280,550523996,15.040992296966508
crossref1.json,mixed,16,16,1,jq,2,ok,1716710,34916232272,550523996,15.03657643988012
crossref1.json,mixed,16,16,1,jq,3,ok,1716710,34922650834,550523996,15.033812812382143
crossref1.json,mixed,16,16,1,jq,4,ok,1716710,34934905563,550523996,15.028539138419571
crossref1.json,mixed,32,32,1,jq,0,ok,2556712,35057841284,550523996,14.97583925083689
crossref1.json,mixed,32,32,1,jq,1,ok,2556712,35043650105,550523996,14.981903825013582
crossref1.json,mixed,32,32,1,jq,2,ok,2556712,35055048172,550523996,14.977032493993091
crossref1.json,mixed,32,32,1,jq,3,ok,2556712,35039478038,550523996,14.983687684535624
crossref1.json,mixed,32,32,1,jq,4,ok,2556712,35193312830,550523996,14.918191932843314
crossref1.json,mixed,60,60,1,jq,0,ok,3768048,35310247084,550523996,14.86878849365055
crossref1.json,mixed,60,60,1,jq,1,ok,3768048,35287287449,550523996,14.878462854628276
crossref1.json,mixed,60,60,1,jq,2,ok,3768048,35280536694,550523996,14.88130977440105
crossref1.json,mixed,60,60,1,jq,3,ok,3768048,35260377547,550523996,14.889817752255082
crossref1.json,mixed,60,60,1,jq,4,ok,3768048,35466534264,550523996,14.803267543495355
crossref1.json,all,16,148,1,jq,0,ok,15505789,36852217257,550523996,14.246648767132474
crossref1.json,all,16,148,1,jq,1,ok,15505789,36896653714,550523996,14.229490826462786
crossref1.json,all,16,148,1,jq,2,ok,15505789,36864371804,550523996,14.241951506510395
crossref1.json,all,16,148,1,jq,3,ok,15505789,36899275244,550523996,14.228479884192522
crossref1.json,all,16,148,1,jq,4,ok,15505789,36835541542,550523996,14.253098327654746
crossref2.json,highest,16,16,1,jq,0,ok,20492951,71171412092,1075392435,14.409917060397301
crossref2.json,highest,16,16,1,jq,1,ok,20492951,71320615277,1075392435,14.379771421402927
crossref2.json,highest,16,16,1,jq,2,ok,20492951,71461955614,1075392435,14.351330529725372
crossref2.json,highest,16,16,1,jq,3,ok,20492951,71464382779,1075392435,14.350843111436559
crossref2.json,highest,16,16,1,jq,4,ok,20492951,71412815130,1075392435,14.36120594672148
crossref2.json,highest,32,32,1,jq,0,ok,25420234,72052782275,1075392435,14.233650845054445
crossref2.json,highest,32,32,1,jq,1,ok,25420234,71879072415,1075392435,14.268049250772703
crossref2.json,highest,32,32,1,jq,2,ok,25420234,71913567712,1075392435,14.261205193216178
crossref2.json,highest,32,32,1,jq,3,ok,25420234,72153185208,1075392435,14.213844369595023
crossref2.json,highest,32,32,1,jq,4,ok,25420234,72093625453,1075392435,14.225587059506116
crossref2.json,highest,60,60,1,jq,0,ok,29943896,72523343891,1075392435,14.141296998914983
crossref2.json,highest,60,60,1,jq,1,ok,29943896,72498882121,1075392435,14.146068398756871
crossref2.json,highest,60,60,1,jq,2,ok,29943896,72514072469,1075392435,14.143105060821316
crossref2.json,highest,60,60,1,jq,3,ok,29943896,72440495091,1075392435,14.157470128120298
crossref2.json,highest,60,60,1,jq,4,ok,29943896,72344392763,1075392435,14.176276918611443
crossref2.json,lowest,16,16,1,jq,0,ok,110,68066144526,1075392435,15.067316541270049
crossref2.json,lowest,16,16,1,jq,1,ok,110,68146613315,1075392435,15.049524773541972
crossref2.json,lowest,16,16,1,jq,2,ok,110,68177894212,1075392435,15.042619857516312
crossref2.json,lowest,16,16,1,jq,3,ok,110,68291584591,1075392435,15.017577223595948
crossref2.json,lowest,16,16,1,jq,4,ok,110,68240984696,1075392435,15.028712582120646
crossref2.json,lowest,32,32,1,jq,0,ok,1098,68238270736,1075392435,15.02931030132366
crossref2.json,lowest,32,32,1,jq,1,ok,1098,68382998248,1075392435,14.997501887789376
crossref2.json,lowest,32,32,1,jq,2,ok,1098,68200432604,1075392435,15.037648679913609
crossref2.json,lowest,32,32,1,jq,3,ok,1098,68252173560,1075392435,15.026248862470332
crossref2.json,lowest,32,32,1,jq,4,ok,1098,68081357210,1075392435,15.063949770473116
crossref2.json,lowest,60,60,1,jq,0,ok,33475,68696507893,1075392435,14.929057921175366
crossref2.json,lowest,60,60,1,jq,1,ok,33475,68163384204,1075392435,15.04582199510121
crossref2.json,lowest,60,60,1,jq,2,ok,33475,68336223109,1075392435,15.00776745711028
crossref2.json,lowest,60,60,1,jq,3,ok,33475,68148256470,1075392435,15.049161907297695
crossref2.json,lowest,60,60,1,jq,4,ok,33475,68149597125,1075392435,15.048865856623765
crossref2.json,no_match,16,16,1,jq,0,ok,0,68320535733,1075392435,15.01121345601082
crossref2.json,no_match,16,16,1,jq,1,ok,0,68291356920,1075392435,15.01762728947512
crossref2.json,no_match,16,16,1,jq,2,ok,0,68354442802,1075392435,15.003767177033739
crossref2.json,no_match,16,16,1,jq,3,ok,0,68382176019,1075392435,14.997682218128327
crossref2.json,no_match,16,16,1,jq,4,ok,0,68406392098,1075392435,14.992372991223176
crossref2.json,no_match,32,32,1,jq,0,ok,0,68395472886,1075392435,14.994766496117089
crossref2.json,no_match,32,32,1,jq,1,ok,0,68347617504,1075392435,15.005265476255358
crossref2.json,no_match,32,32,1,jq,2,ok,0,68560780985,1075392435,14.958612352176338
crossref2.json,no_match,32,32,1,jq,3,ok,0,68501875700,1075392435,14.971475376944717
crossref2.json,no_match,32,32,1,jq,4,ok,0,68399046688,1075392435,14.993983030131989
crossref2.json,no_match,60,60,1,jq,0,ok,0,68402389431,1075392435,14.993250292105833
crossref2.json,no_match,60,60,1,jq,1,ok,0,68380183022,1075392435,14.998119337983038
crossref2.json,no_match,60,60,1,jq,2,ok,0,68287755924,1075392435,15.018419209125534
crossref2.json,no_match,60,60,1,jq,3,ok,0,68419317469,1075392435,14.989540721182339
crossref2.json,no_match,60,60,1,jq,4,ok,0,68387580950,1075392435,14.99649689417882
crossref2.json,all_match,16,16,1,jq,0,ok,4981640,68902284291,1075392435,14.884472349068954
crossref2.json,all_match,16,16,1,jq,1,ok,4981640,69007418206,1075392435,14.861795615299615
crossref2.json,all_match,16,16,1,jq,2,ok,4981640,69099100524,1075392435,14.842076633991319
crossref2.json,all_match,16,16,1,jq,3,ok,4981640,69076571122,1075392435,14.846917394115492
crossref2.json,all_match,16,16,1,jq,4,ok,4981640,69053058008,1075392435,14.851972887258112
crossref2.json,all_match,32,32,1,jq,0,ok,7351554,69403230587,1075392435,14.777037562127246
crossref2.json,all_match,32,32,1,jq,1,ok,7351554,69418306409,1075392435,14.77382838000371
crossref2.json,all_match,32,32,1,jq,2,ok,7351554,69421363863,1075392435,14.773177711417526
crossref2.json,all_match,32,32,1,jq,3,ok,7351554,70051191309,1075392435,14.640352664285304
crossref2.json,all_match,32,32,1,jq,4,ok,7351554,69439012761,1075392435,14.76942290131586
crossref2.json,all_match,60,60,1,jq,0,ok,12231190,70296815878,1075392435,14.589197711272723
crossref2.json,all_match,60,60,1,jq,1,ok,12231190,70244768663,1075392435,14.600007443077791
crossref2.json,all_match,60,60,1,jq,2,ok,12231190,70330695889,1075392435,14.582169739024032
crossref2.json,all_match,60,60,1,jq,3,ok,12231190,70267377197,1075392435,14.59530988956371
crossref2.json,all_match,60,60,1,jq,4,ok,12231190,70211941270,1075392435,14.60683363494014
crossref2.json,mixed,16,16,1,jq,0,ok,3269600,68760125910,1075392435,14.915245307424971
crossref2.json,mixed,16,16,1,jq,1,ok,3269600,69090832230,1075392435,14.843852827000136
crossref2.json,mixed,16,16,1,jq,2,ok,3269600,68978979315,1075392435,14.867922887546392
crossref2.json,mixed,16,16,1,jq,3,ok,3269600,68838303066,1075392435,14.898306606044448
crossref2.json,mixed,16,16,1,jq,4,ok,3269600,68718765340,1075392435,14.92422252121152
crossref2.json,mixed,32,32,1,jq,0,ok,4981640,69069120241,1075392435,14.848519016002875
crossref2.json,mixed,32,32,1,jq,1,ok,4981640,69069151731,1075392435,14.848512246267733
crossref2.json,mixed,32,32,1,jq,2,ok,4981640,69095634223,1075392435,14.842821212222013
crossref2.json,mixed,32,32,1,jq,3,ok,4981640,69099433055,1075392435,14.842005208650082
crossref2.json,mixed,32,32,1,jq,4,ok,4981640,69076429553,1075392435,14.846947822197286
crossref2.json,mixed,60,60,1,jq,0,ok,7351544,69495156915,1075392435,14.75749089352319
crossref2.json,mixed,60,60,1,jq,1,ok,7351544,69708658240,1075392435,14.712292148647125
crossref2.json,mixed,60,60,1,jq,2,ok,7351544,69390217451,1075392435,14.779808782719096
crossref2.json,mixed,60,60,1,jq,3,ok,7351544,70656840133,1075392435,14.514860038838437
crossref2.json,mixed,60,60,1,jq,4,ok,7351544,69591307095,1075392435,14.737101343951666
crossref2.json,all,16,150,1,jq,0,ok,30607202,72644621008,1075392435,14.117688702707062
crossref2.json,all,16,150,1,jq,1,ok,30607202,72599138394,1075392435,14.126533289571888
crossref2.json,all,16,150,1,jq,2,ok,30607202,72667380184,1075392435,14.113267090684108
crossref2.json,all,16,150,1,jq,3,ok,30607202,72617881821,1075392435,14.12288708509943
crossref2.json,all,16,150,1,jq,4,ok,30607202,72828744494,1075392435,14.081996778093156
crossref4.json,highest,16,16,1,jq,0,ok,39070669,137558702383,2072171741,14.36606288326508
crossref4.json,highest,16,16,1,jq,1,ok,39070669,137561100738,2072171741,14.365812413338904
crossref4.json,highest,16,16,1,jq,2,ok,39070669,137686040278,2072171741,14.352776538452643
crossref4.json,highest,16,16,1,jq,3,ok,39070669,137582330847,2072171741,14.363595647846337
crossref4.json,highest,16,16,1,jq,4,ok,39070669,137443199769,2072171741,14.378135636363773
crossref4.json,highest,32,32,1,jq,0,ok,48705014,138902588305,2072171741,14.227070875276041
crossref4.json,highest,32,32,1,jq,1,ok,48705014,138968167051,2072171741,14.220357154522199
crossref4.json,highest,32,32,1,jq,2,ok,48705014,139127769118,2072171741,14.204044103506373
crossref4.json,highest,32,32,1,jq,3,ok,48705014,139071860216,2072171741,14.209754334954727
crossref4.json,highest,32,32,1,jq,4,ok,48705014,138813965192,2072171741,14.236153875737088
crossref4.json,highest,60,60,1,jq,0,ok,57692134,140083434622,2072171741,14.107142460541633
crossref4.json,highest,60,60,1,jq,1,ok,57692134,139996996343,2072171741,14.115852626814839
crossref4.json,highest,60,60,1,jq,2,ok,57692134,140334577781,2072171741,14.081896278324642
crossref4.json,highest,60,60,1,jq,3,ok,57692134,140206528236,2072171741,14.094757166001296
crossref4.json,highest,60,60,1,jq,4,ok,57692134,140157393780,2072171741,14.099698312573203
crossref4.json,lowest,16,16,1,jq,0,ok,59,131826078139,2072171741,14.990789352701551
crossref4.json,lowest,16,16,1,jq,1,ok,59,131454783449,2072171741,15.033130911825765
crossref4.json,lowest,16,16,1,jq,2,ok,59,131869209616,2072171741,14.985886199887785
crossref4.json,lowest,16,16,1,jq,3,ok,59,131792279648,2072171741,14.994633781680042
crossref4.json,lowest,16,16,1,jq,4,ok,59,131765105512,2072171741,14.99772614984588
crossref4.json,lowest,32,32,1,jq,0,ok,576,131738843520,2072171741,15.000715929880693
crossref4.json,lowest,32,32,1,jq,1,ok,576,131842133777,2072171741,14.988963785409169
crossref4.json,lowest,32,32,1,jq,2,ok,576,131864242445,2072171741,14.986450700604287
crossref4.json,lowest,32,32,1,jq,3,ok,576,131667319490,2072171741,15.008864585601385
crossref4.json,lowest,32,32,1,jq,4,ok,576,131803488888,2072171741,14.993358561652188
crossref4.json,lowest,60,60,1,jq,0,ok,10108,131688774459,2072171741,15.006419314728964
crossref4.json,lowest,60,60,1,jq,1,ok,10108,131777717868,2072171741,14.996290727648162
crossref4.json,lowest,60,60,1,jq,2,ok,10108,131970056331,2072171741,14.97443453095137
crossref4.json,lowest,60,60,1,jq,3,ok,10108,131742276556,2072171741,15.000325030321649
crossref4.json,lowest,60,60,1,jq,4,ok,10108,131647437195,2072171741,15.011131326828288
crossref4.json,no_match,16,16,1,jq,0,ok,0,132006824120,2072171741,14.970263709837397
crossref4.json,no_match,16,16,1,jq,1,ok,0,132125038161,2072171741,14.956869614421363
crossref4.json,no_match,16,16,1,jq,2,ok,0,132321894532,2072171741,14.934618156457971
crossref4.json,no_match,16,16,1,jq,3,ok,0,132303087156,2072171741,14.936741167984934
crossref4.json,no_match,16,16,1,jq,4,ok,0,132456007360,2072171741,14.919496729231049
crossref4.json,no_match,32,32,1,jq,0,ok,0,132352524807,2072171741,14.931161845656048
crossref4.json,no_match,32,32,1,jq,1,ok,0,132286497632,2072171741,14.93861432534055
crossref4.json,no_match,32,32,1,jq,2,ok,0,132440395768,2072171741,14.921255385224423
crossref4.json,no_match,32,32,1,jq,3,ok,0,131995571025,2072171741,14.97153997841515
crossref4.json,no_match,32,32,1,jq,4,ok,0,132215532698,2072171741,14.946632428493912
crossref4.json,no_match,60,60,1,jq,0,ok,0,132092997500,2072171741,14.960497573495703
crossref4.json,no_match,60,60,1,jq,1,ok,0,132353824096,2072171741,14.931015269654365
crossref4.json,no_match,60,60,1,jq,2,ok,0,132134863217,2072171741,14.955757477336807
crossref4.json,no_match,60,60,1,jq,3,ok,0,132610306251,2072171741,14.90213712978
crossref4.json,no_match,60,60,1,jq,4,ok,0,132062879870,2072171741,14.963909393160533
crossref4.json,all_match,16,16,1,jq,0,ok,8419885,133557886289,2072171741,14.796407935794686
crossref4.json,all_match,16,16,1,jq,1,ok,8419885,133153200558,2072171741,14.841377903745723
crossref4.json,all_match,16,16,1,jq,2,ok,8419885,133217417738,2072171741,14.834223648300183
crossref4.json,all_match,16,16,1,jq,3,ok,8419885,133296139366,2072171741,14.825462897679314
crossref4.json,all_match,16,16,1,jq,4,ok,8419885,133252920272,2072171741,14.830271370718856
crossref4.json,all_match,32,32,1,jq,0,ok,12796184,136569655072,2072171741,14.470102948804231
crossref4.json,all_match,32,32,1,jq,1,ok,12796184,134122018462,2072171741,14.734172593252632
crossref4.json,all_match,32,32,1,jq,2,ok,12796184,134082923697,2072171741,14.738468658695718
crossref4.json,all_match,32,32,1,jq,3,ok,12796184,133818951420,2072171741,14.767541873588266
crossref4.json,all_match,32,32,1,jq,4,ok,12796184,134148134325,2072171741,14.731304155053325
crossref4.json,all_match,60,60,1,jq,0,ok,19835343,135065390474,2072171741,14.63126091472661
crossref4.json,all_match,60,60,1,jq,1,ok,19835343,135083840492,2072171741,14.629262548184348
crossref4.json,all_match,60,60,1,jq,2,ok,19835343,134974275031,2072171741,14.641137862164095
crossref4.json,all_match,60,60,1,jq,3,ok,19835343,135280676295,2072171741,14.607976709586895
crossref4.json,all_match,60,60,1,jq,4,ok,19835343,134959422168,2072171741,14.642749182154486
crossref4.json,mixed,16,16,1,jq,0,ok,5809580,132785633847,2072171741,14.882460634646218
crossref4.json,mixed,16,16,1,jq,1,ok,5809580,132665763775,2072171741,14.895907673106251
crossref4.json,mixed,16,16,1,jq,2,ok,5809580,133027696182,2072171741,14.855379934347241
crossref4.json,mixed,16,16,1,jq,3,ok,5809580,132901394165,2072171741,14.869497652681181
crossref4.json,mixed,16,16,1,jq,4,ok,5809580,132849142219,2072171741,14.875346092312911
crossref4.json,mixed,32,32,1,jq,0,ok,8419885,133370713853,2072171741,14.817173212048999
crossref4.json,mixed,32,32,1,jq,1,ok,8419885,133107848031,2072171741,14.846434660368669
crossref4.json,mixed,32,32,1,jq,2,ok,8419885,133197617296,2072171741,14.83642882427049
crossref4.json,mixed,32,32,1,jq,3,ok,8419885,133280059127,2072171741,14.827251589763049
crossref4.json,mixed,32,32,1,jq,4,ok,8419885,133317675197,2072171741,14.823068026459204
crossref4.json,mixed,60,60,1,jq,0,ok,12796177,133981634441,2072171741,14.749610846438442
crossref4.json,mixed,60,60,1,jq,1,ok,12796177,134117305543,2072171741,14.734690356129562
crossref4.json,mixed,60,60,1,jq,2,ok,12796177,134090530302,2072171741,14.737632583924897
crossref4.json,mixed,60,60,1,jq,3,ok,12796177,134000172910,2072171741,14.747570287851831
crossref4.json,mixed,60,60,1,jq,4,ok,12796177,134611689985,2072171741,14.680574687047853
crossref4.json,all,16,167,1,jq,0,ok,58909045,140167548146,2072171741,14.098676867174113
crossref4.json,all,16,167,1,jq,1,ok,58909045,140226536154,2072171741,14.092746086263167
crossref4.json,all,16,167,1,jq,2,ok,58909045,140294783302,2072171741,14.085890594524708
crossref4.json,all,16,167,1,jq,3,ok,58909045,140224030551,2072171741,14.09299790349259
crossref4.json,all,16,167,1,jq,4,ok,58909045,140223004913,2072171741,14.093100984397131
twitter.json,highest,16,16,1,jq,0,ok,4464,31856192,767296,22.970431879656239
twitter.json,highest,16,16,1,jq,1,ok,4464,31784565,767296,23.022196096792577
twitter.json,highest,16,16,1,jq,2,ok,4464,31439094,767296,23.275177340709945
twitter.json,highest,16,16,1,jq,3,ok,4464,31350192,767296,23.341180439381361
twitter.json,highest,16,16,1,jq,4,ok,4464,31399434,767296,23.304575753857538
twitter.json,highest,32,32,1,jq,0,ok,7232,31901318,767296,22.937939061992672
twitter.json,highest,32,32,1,jq,1,ok,7232,31731746,767296,23.060517636856478
twitter.json,highest,32,32,1,jq,2,ok,7232,31685698,767296,23.094030886782107
twitter.json,highest,32,32,1,jq,3,ok,7232,31611939,767296,23.147915358221145
twitter.json,highest,32,32,1,jq,4,ok,7232,31698819,767296,23.084471641711637
twitter.json,highest,60,60,1,jq,0,ok,12076,32238432,767296,22.698079369407605
twitter.json,highest,60,60,1,jq,1,ok,12076,32322085,767296,22.639334321447702
twitter.json,highest,60,60,1,jq,2,ok,12076,32208677,767296,22.719048295006033
twitter.json,highest,60,60,1,jq,3,ok,12076,32373510,767296,22.603371963103477
twitter.json,highest,60,60,1,jq,4,ok,12076,32392197,767296,22.590332118604056
twitter.json,lowest,16,16,1,jq,0,ok,51,30469522,767296,24.015817782807687
twitter.json,lowest,16,16,1,jq,1,ok,51,30637800,767296,23.883910994955578
twitter.json,lowest,16,16,1,jq,2,ok,51,30454344,767296,24.027786915431506
twitter.json,lowest,16,16,1,jq,3,ok,51,30687965,767296,23.844868445374271
twitter.json,lowest,16,16,1,jq,4,ok,51,30533391,767296,23.965582082948139
twitter.json,lowest,32,32,1,jq,0,ok,923,30707988,767296,23.829320510391302
twitter.json,lowest,32,32,1,jq,1,ok,923,30810064,767296,23.75037222516805
twitter.json,lowest,32,32,1,jq,2,ok,923,30741429,767296,23.803398608478805
twitter.json,lowest,32,32,1,jq,3,ok,923,30735005,767296,23.808373816150347
twitter.json,lowest,32,32,1,jq,4,ok,923,30765645,767296,23.784662674267029
twitter.json,lowest,60,60,1,jq,0,ok,5767,31564186,767296,23.182935504221462
twitter.json,lowest,60,60,1,jq,1,ok,5767,31401757,767296,23.302851757029075
twitter.json,lowest,60,60,1,jq,2,ok,5767,31498129,767296,23.231554111714065
twitter.json,lowest,60,60,1,jq,3,ok,5767,31507244,767296,23.224833256798025
twitter.json,lowest,60,60,1,jq,4,ok,5767,31486998,767296,23.239766721528994
twitter.json,no_match,16,16,1,jq,0,ok,0,30621636,767296,23.896518405523793
twitter.json,no_match,16,16,1,jq,1,ok,0,30630002,767296,23.889991527955171
twitter.json,no_match,16,16,1,jq,2,ok,0,30656744,767296,23.869152193111244
twitter.json,no_match,16,16,1,jq,3,ok,0,30617196,767296,23.899983796074924
twitter.json,no_match,16,16,1,jq,4,ok,0,30712364,767296,23.825925229371794
twitter.json,no_match,32,32,1,jq,0,ok,0,30739251,767296,23.805085175343081
twitter.json,no_match,32,32,1,jq,1,ok,0,30652331,767296,23.87258862241994
twitter.json,no_match,32,32,1,jq,2,ok,0,30617341,767296,23.899870608660954
twitter.json,no_match,32,32,1,jq,3,ok,0,30592676,767296,23.91913960979582
twitter.json,no_match,32,32,1,jq,4,ok,0,30642310,767296,23.880395710416416
twitter.json,no_match,60,60,1,jq,0,ok,0,30626715,767296,23.8925555117893
twitter.json,no_match,60,60,1,jq,1,ok,0,30573654,767296,23.934021372821515
twitter.json,no_match,60,60,1,jq,2,ok,0,30677416,767296,23.853067946832613
twitter.json,no_match,60,60,1,jq,3,ok,0,30663367,767296,23.863996679857433
twitter.json,no_match,60,60,1,jq,4,ok,0,30752587,767296,23.794761991283856
twitter.json,all_match,16,16,1,jq,0,ok,2498,30977880,767296,23.621709693537777
twitter.json,all_match,16,16,1,jq,1,ok,2498,31047441,767296,23.568785855209452
twitter.json,all_match,16,16,1,jq,2,ok,2498,30813056,767296,23.748066023741689
twitter.json,all_match,16,16,1,jq,3,ok,2498,30977886,767296,23.621705118330219
twitter.json,all_match,16,16,1,jq,4,ok,2498,30913056,767296,23.67124390035233
twitter.json,all_match,32,32,1,jq,0,ok,4229,31337328,767296,23.350762013955052
twitter.json,all_match,32,32,1,jq,1,ok,4229,31323283,767296,23.361232227198215
twitter.json,all_match,32,32,1,jq,2,ok,4229,31226812,767296,23.433403585394821
twitter.json,all_match,32,32,1,jq,3,ok,4229,31176159,767296,23.471476658854929
twitter.json,all_match,32,32,1,jq,4,ok,4229,31279625,767296,23.393838266323524
twitter.json,all_match,60,60,1,jq,0,ok,6507,31537762,767296,23.202359390030594
twitter.json,all_match,60,60,1,jq,1,ok,6507,31573024,767296,23.176446078818742
twitter.json,all_match,60,60,1,jq,2,ok,6507,31649995,767296,23.12008227114254
twitter.json,all_match,60,60,1,jq,3,ok,6507,31916071,767296,22.92733614614562
twitter.json,all_match,60,60,1,jq,4,ok,6507,31614850,767296,23.145783968016612
twitter.json,mixed,16,16,1,jq,0,ok,1023,30810235,767296,23.750240408138723
twitter.json,mixed,16,16,1,jq,1,ok,1023,31158198,767296,23.485006683674388
twitter.json,mixed,16,16,1,jq,2,ok,1023,30805981,767296,23.753520080443145
twitter.json,mixed,16,16,1,jq,3,ok,1023,30659936,767296,23.866667180298421
twitter.json,mixed,16,16,1,jq,4,ok,1023,31104010,767296,23.525921200554205
twitter.json,mixed,32,32,1,jq,0,ok,2498,31083386,767296,23.541530780502807
twitter.json,mixed,32,32,1,jq,1,ok,2498,31005449,767296,23.600706065609629
twitter.json,mixed,32,32,1,jq,2,ok,2498,31039430,767296,23.574868748596543
twitter.json,mixed,32,32,1,jq,3,ok,2498,30923561,767296,23.663202574931457
twitter.json,mixed,32,32,1,jq,4,ok,2498,31015275,767296,23.593229087320683
twitter.json,mixed,60,60,1,jq,0,ok,4071,31330028,767296,23.356202818626592
twitter.json,mixed,60,60,1,jq,1,ok,4071,31334656,767296,23.35275320339403
twitter.json,mixed,60,60,1,jq,2,ok,4071,31441670,767296,23.273270417291766
twitter.json,mixed,60,60,1,jq,3,ok,4071,31210346,767296,23.445766614738908
twitter.json,mixed,60,60,1,jq,4,ok,4071,31563542,767296,23.183408512303529
twitter.json,all,16,94,1,jq,0,ok,13345,32440033,767296,22.557020465461612
twitter.json,all,16,94,1,jq,1,ok,13345,32574456,767296,22.463935799303908
twitter.json,all,16,94,1,jq,2,ok,13345,32468902,767296,22.536964393845224
twitter.json,all,16,94,1,jq,3,ok,13345,32424836,767296,22.567592578764316
twitter.json,all,16,94,1,jq,4,ok,13345,32555308,767296,22.47714837412228
twitter_large_record.json,highest,16,16,1,jq,0,ok,8613928,53982455635,842634887,14.886304085039844
twitter_large_record.json,highest,16,16,1,jq,1,ok,8613928,53954444658,842634887,14.894032455222954
twitter_large_record.json,highest,16,16,1,jq,2,ok,8613928,53933304670,842634887,14.899870400242298
twitter_large_record.json,highest,16,16,1,jq,3,ok,8613928,53992019979,842634887,14.883667070658586
twitter_large_record.json,highest,16,16,1,jq,4,ok,8613928,54035586966,842634887,14.871666895104136
twitter_large_record.json,highest,32,32,1,jq,0,ok,13478585,54829923892,842634887,14.656216766279927
twitter_large_record.json,highest,32,32,1,jq,1,ok,13478585,54670347182,842634887,14.698996645559344
twitter_large_record.json,highest,32,32,1,jq,2,ok,13478585,54657037600,842634887,14.70257601081151
twitter_large_record.json,highest,32,32,1,jq,3,ok,13478585,54783029063,842634887,14.668762636612348
twitter_large_record.json,highest,32,32,1,jq,4,ok,13478585,54651804801,842634887,14.703983752519711
twitter_large_record.json,highest,60,60,1,jq,0,ok,21896421,55659925192,842634887,14.437663131377763
twitter_large_record.json,highest,60,60,1,jq,1,ok,21896421,55706357585,842634887,14.425629042674425
twitter_large_record.json,highest,60,60,1,jq,2,ok,21896421,55668565009,842634887,14.435422391611207
twitter_large_record.json,highest,60,60,1,jq,3,ok,21896421,55718455484,842634887,14.422496870368969
twitter_large_record.json,highest,60,60,1,jq,4,ok,21896421,55669438763,842634887,14.435195821910908
twitter_large_record.json,lowest,16,16,1,jq,0,ok,177536,52501380622,842634887,15.306249860847378
twitter_large_record.json,lowest,16,16,1,jq,1,ok,177536,52557971183,842634887,15.289769215819899
twitter_large_record.json,lowest,16,16,1,jq,2,ok,177536,52586540040,842634887,15.281462694227919
twitter_large_record.json,lowest,16,16,1,jq,3,ok,177536,52545589494,842634887,15.293372052311696
twitter_large_record.json,lowest,16,16,1,jq,4,ok,177536,52591009614,842634887,15.2801639622043
twitter_large_record.json,lowest,32,32,1,jq,0,ok,1292754,52701380379,842634887,15.248163218130699
twitter_large_record.json,lowest,32,32,1,jq,1,ok,1292754,52718403870,842634887,15.243239378441803
twitter_large_record.json,lowest,32,32,1,jq,2,ok,1292754,53162132440,842634887,15.116008575215512
twitter_large_record.json,lowest,32,32,1,jq,3,ok,1292754,52706296096,842634887,15.246741079587448
twitter_large_record.json,lowest,32,32,1,jq,4,ok,1292754,52727981408,842634887,15.240470588503488
twitter_large_record.json,lowest,60,60,1,jq,0,ok,8470543,53936380707,842634887,14.899020648144631
twitter_large_record.json,lowest,60,60,1,jq,1,ok,8470543,53954624839,842634887,14.893982716731214
twitter_large_record.json,lowest,60,60,1,jq,2,ok,8470543,53888671441,842634887,14.912211200448747
twitter_large_record.json,lowest,60,60,1,jq,3,ok,8470543,53926939720,842634887,14.901629019043892
twitter_large_record.json,lowest,60,60,1,jq,4,ok,8470543,54004742419,842634887,14.880160775603656
twitter_large_record.json,no_match,16,16,1,jq,0,ok,0,52798758588,842634887,15.220040609485526
twitter_large_record.json,no_match,16,16,1,jq,1,ok,0,52802081671,842634887,15.219082740844593
twitter_large_record.json,no_match,16,16,1,jq,2,ok,0,52666445853,842634887,15.258277577392436
twitter_large_record.json,no_match,16,16,1,jq,3,ok,0,52627743451,842634887,15.269498502970931
twitter_large_record.json,no_match,16,16,1,jq,4,ok,0,52718836351,842634887,15.243114329941761
twitter_large_record.json,no_match,32,32,1,jq,0,ok,0,52708979811,842634887,15.24596478097793
twitter_large_record.json,no_match,32,32,1,jq,1,ok,0,52743494803,842634887,15.235987923084588
twitter_large_record.json,no_match,32,32,1,jq,2,ok,0,52877240184,842634887,15.197450680925325
twitter_large_record.json,no_match,32,32,1,jq,3,ok,0,52735510259,842634887,15.23829476368133
twitter_large_record.json,no_match,32,32,1,jq,4,ok,0,52831037878,842634887,15.210741301268644
twitter_large_record.json,no_match,60,60,1,jq,0,ok,0,52628346406,842634887,15.269323562637469
twitter_large_record.json,no_match,60,60,1,jq,1,ok,0,52586683867,842634887,15.281420898724317
twitter_large_record.json,no_match,60,60,1,jq,2,ok,0,52682354419,842634887,15.253670013463996
twitter_large_record.json,no_match,60,60,1,jq,3,ok,0,52701799523,842634887,15.248041947582411
twitter_large_record.json,no_match,60,60,1,jq,4,ok,0,52703634960,842634887,15.247510924999446
twitter_large_record.json,all_match,16,16,1,jq,0,ok,4412139,53266526319,842634887,15.08638361411492
twitter_large_record.json,all_match,16,16,1,jq,1,ok,4412139,53320166408,842634887,15.071206711748241
twitter_large_record.json,all_match,16,16,1,jq,2,ok,4412139,53237990948,842634887,15.094469861281864
twitter_large_record.json,all_match,16,16,1,jq,3,ok,4412139,53222374001,842634887,15.098899004856188
twitter_large_record.json,all_match,16,16,1,jq,4,ok,4412139,53315057319,842634887,15.072650959214149
twitter_large_record.json,all_match,32,32,1,jq,0,ok,7092701,53802238288,842634887,14.936167628160122
twitter_large_record.json,all_match,32,32,1,jq,1,ok,7092701,53667520083,842634887,14.973660951670002
twitter_large_record.json,all_match,32,32,1,jq,2,ok,7092701,53782742357,842634887,14.94158190197216
twitter_large_record.json,all_match,32,32,1,jq,3,ok,7092701,53701533263,842634887,14.964177017147801
twitter_large_record.json,all_match,32,32,1,jq,4,ok,7092701,53740563561,842634887,14.953308945627837
twitter_large_record.json,all_match,60,60,1,jq,0,ok,10434481,54212158565,842634887,14.823229163182514
twitter_large_record.json,all_match,60,60,1,jq,1,ok,10434481,54213281249,842634887,14.822922194081467
twitter_large_record.json,all_match,60,60,1,jq,2,ok,10434481,54231820706,842634887,14.817854893646889
twitter_large_record.json,all_match,60,60,1,jq,3,ok,10434481,54233628342,842634887,14.817361006574099
twitter_large_record.json,all_match,60,60,1,jq,4,ok,10434481,54239959235,842634887,14.815631522842953
twitter_large_record.json,mixed,16,16,1,jq,0,ok,1991123,52833900983,842634887,15.209917020860361
twitter_large_record.json,mixed,16,16,1,jq,1,ok,1991123,52885997714,842634887,15.19493409551492
twitter_large_record.json,mixed,16,16,1,jq,2,ok,1991123,52918090336,842634887,15.185718999634739
twitter_large_record.json,mixed,16,16,1,jq,3,ok,1991123,52825641040,842634887,15.212295279697427
twitter_large_record.json,mixed,16,16,1,jq,4,ok,1991123,52827586290,842634887,15.211735123168026
twitter_large_record.json,mixed,32,32,1,jq,0,ok,4412139,53291920753,842634887,15.079194716293747
twitter_large_record.json,mixed,32,32,1,jq,1,ok,4412139,53346954203,842634887,15.063638812102825
twitter_large_record.json,mixed,32,32,1,jq,2,ok,4412139,53435101848,842634887,15.038789523143022
twitter_large_record.json,mixed,32,32,1,jq,3,ok,4412139,53303497111,842634887,15.075919843802286
twitter_large_record.json,mixed,32,32,1,jq,4,ok,4412139,53322336298,842634887,15.070593406649436
twitter_large_record.json,mixed,60,60,1,jq,0,ok,7085199,53745340805,842634887,14.951979795893727
twitter_large_record.json,mixed,60,60,1,jq,1,ok,7085199,53726080592,842634887,14.95733991731832
twitter_large_record.json,mixed,60,60,1,jq,2,ok,7085199,53731344931,842634887,14.955874469022469
twitter_large_record.json,mixed,60,60,1,jq,3,ok,7085199,53787534495,842634887,14.940250699062698
twitter_large_record.json,mixed,60,60,1,jq,4,ok,7085199,54038739109,842634887,14.870799413340595
twitter_large_record.json,all,16,107,1,jq,0,ok,26458683,56251053697,842634887,14.285941276201205
twitter_large_record.json,all,16,107,1,jq,1,ok,26458683,56215263348,842634887,14.295036649834937
twitter_large_record.json,all,16,107,1,jq,2,ok,26458683,56265200354,842634887,14.282349387966825
twitter_large_record.json,all,16,107,1,jq,3,ok,26458683,56261380068,842634887,14.283319194597022
twitter_large_record.json,all,16,107,1,jq,4,ok,26458683,56151925677,842634887,14.311161018097362
walmart_large_record.json,highest,16,16,1,jq,0,ok,4415865,23354550854,995350329,40.644757012367549
walmart_large_record.json,highest,16,16,1,jq,1,ok,4415865,23346223560,995350329,40.659254468040871
walmart_large_record.json,highest,16,16,1,jq,2,ok,4415865,23324119319,995350329,40.697787196644683
walmart_large_record.json,highest,16,16,1,jq,3,ok,4415865,23394154193,995350329,40.575950588452677
walmart_large_record.json,highest,16,16,1,jq,4,ok,4415865,23379752105,995350329,40.600945652918462
walmart_large_record.json,highest,32,32,1,jq,0,ok,7732727,23754086768,995350329,39.961125589242485
walmart_large_record.json,highest,32,32,1,jq,1,ok,7732727,23749771409,995350329,39.968386568726956
walmart_large_record.json,highest,32,32,1,jq,2,ok,7732727,23738662277,995350329,39.987090827502698
walmart_large_record.json,highest,32,32,1,jq,3,ok,7732727,23758092393,995350329,39.954388125601014
walmart_large_record.json,highest,32,32,1,jq,4,ok,7732727,23774718887,995350329,39.926446621955847
walmart_large_record.json,highest,60,60,1,jq,0,ok,8181128,23751289362,995350329,39.96583217551602
walmart_large_record.json,highest,60,60,1,jq,1,ok,8181128,23839223355,995350329,39.818413144517102
walmart_large_record.json,highest,60,60,1,jq,2,ok,8181128,23826033190,995350329,39.840456740076043
walmart_large_record.json,highest,60,60,1,jq,3,ok,8181128,23817544223,995350329,39.85465653831573
walmart_large_record.json,highest,60,60,1,jq,4,ok,8181128,23801542400,995350329,39.881450901005941
walmart_large_record.json,lowest,16,16,1,jq,0,ok,16,22648707090,995350329,41.911445135555908
walmart_large_record.json,lowest,16,16,1,jq,1,ok,16,23761976333,995350329,39.94785750525017
walmart_large_record.json,lowest,16,16,1,jq,2,ok,16,22675840593,995350329,41.861294654136884
walmart_large_record.json,lowest,16,16,1,jq,3,ok,16,22654165004,995350329,41.901347695940487
walmart_large_record.json,lowest,16,16,1,jq,4,ok,16,22621234520,995350329,41.962344882396408
walmart_large_record.json,lowest,32,32,1,jq,0,ok,32,22667727239,995350329,41.8762778722975
walmart_large_record.json,lowest,32,32,1,jq,1,ok,32,22669420353,995350329,41.873150253186409
walmart_large_record.json,lowest,32,32,1,jq,2,ok,32,22667890122,995350329,41.875976964990649
walmart_large_record.json,lowest,32,32,1,jq,3,ok,32,22655114041,995350329,41.899592422087473
walmart_large_record.json,lowest,32,32,1,jq,4,ok,32,22678386611,995350329,41.856595042496913
walmart_large_record.json,lowest,60,60,1,jq,0,ok,68,22642972959,995350329,41.922058835322353
walmart_large_record.json,lowest,60,60,1,jq,1,ok,68,22669464635,995350329,41.873068459157771
walmart_large_record.json,lowest,60,60,1,jq,2,ok,68,22658744276,995350329,41.892879544928718
walmart_large_record.json,lowest,60,60,1,jq,3,ok,68,22638376909,995350329,41.930569864151167
walmart_large_record.json,lowest,60,60,1,jq,4,ok,68,22665369078,995350329,41.880634783714378
walmart_large_record.json,no_match,16,16,1,jq,0,ok,0,22695038045,995350329,41.825884702711058
walmart_large_record.json,no_match,16,16,1,jq,1,ok,0,22698384128,995350329,41.819718938620788
walmart_large_record.json,no_match,16,16,1,jq,2,ok,0,22714646851,995350329,41.789777794939447
walmart_large_record.json,no_match,16,16,1,jq,3,ok,0,22653099983,995350329,41.903317660989771
walmart_large_record.json,no_match,16,16,1,jq,4,ok,0,22736096089,995350329,41.750353309470086
walmart_large_record.json,no_match,32,32,1,jq,0,ok,0,22733030503,995350329,41.755983412266268
walmart_large_record.json,no_match,32,32,1,jq,1,ok,0,22731561446,995350329,41.758681947510723
walmart_large_record.json,no_match,32,32,1,jq,2,ok,0,22717865290,995350329,41.783857438913927
walmart_large_record.json,no_match,32,32,1,jq,3,ok,0,22720369907,995350329,41.779251327301509
walmart_large_record.json,no_match,32,32,1,jq,4,ok,0,22714261904,995350329,41.790486021764551
walmart_large_record.json,no_match,60,60,1,jq,0,ok,0,22731936634,995350329,41.757992725267378
walmart_large_record.json,no_match,60,60,1,jq,1,ok,0,22707575839,995350329,41.802790897806986
walmart_large_record.json,no_match,60,60,1,jq,2,ok,0,22722723005,995350329,41.774924791581377
walmart_large_record.json,no_match,60,60,1,jq,3,ok,0,22765043575,995350329,41.697264556798068
walmart_large_record.json,no_match,60,60,1,jq,4,ok,0,22747824852,995350329,41.728826855740159
walmart_large_record.json,all_match,16,16,1,jq,0,ok,521466,22731812625,995350329,41.758220527907021
walmart_large_record.json,all_match,16,16,1,jq,1,ok,521466,22768485622,995350329,41.690960934029356
walmart_large_record.json,all_match,16,16,1,jq,2,ok,521466,22763917028,995350329,41.699328082518917
walmart_large_record.json,all_match,16,16,1,jq,3,ok,521466,22756297248,995350329,41.713290798099308
walmart_large_record.json,all_match,16,16,1,jq,4,ok,521466,22802522533,995350329,41.628729594283392
walmart_large_record.json,all_match,32,32,1,jq,0,ok,794421,22807152246,995350329,41.620279215713666
walmart_large_record.json,all_match,32,32,1,jq,1,ok,794421,22780885376,995350329,41.668268327878486
walmart_large_record.json,all_match,32,32,1,jq,2,ok,794421,22808249498,995350329,41.618276960581632
walmart_large_record.json,all_match,32,32,1,jq,3,ok,794421,22788546633,995350329,41.654259917533331
walmart_large_record.json,all_match,32,32,1,jq,4,ok,794421,22793283248,995350329,41.645603850296652
walmart_large_record.json,all_match,60,60,1,jq,0,ok,1557081,23216441413,995350329,40.886543622584895
walmart_large_record.json,all_match,60,60,1,jq,1,ok,1557081,22943004511,995350329,41.373833324170725
walmart_large_record.json,all_match,60,60,1,jq,2,ok,1557081,22887292354,995350329,41.474545346466591
walmart_large_record.json,all_match,60,60,1,jq,3,ok,1557081,22927826467,995350329,41.401222482211793
walmart_large_record.json,all_match,60,60,1,jq,4,ok,1557081,22902310810,995350329,41.447347932215536
walmart_large_record.json,mixed,16,16,1,jq,0,ok,328577,22691290917,995350329,41.832791623267831
walmart_large_record.json,mixed,16,16,1,jq,1,ok,328577,22731102518,995350329,41.759525031491087
walmart_large_record.json,mixed,16,16,1,jq,2,ok,328577,22705125101,995350329,41.807302993102809
walmart_large_record.json,mixed,16,16,1,jq,3,ok,328577,22740359635,995350329,41.742525616561608
walmart_large_record.json,mixed,16,16,1,jq,4,ok,328577,22755605386,995350329,41.714559050044649
walmart_large_record.json,mixed,32,32,1,jq,0,ok,521466,22722631545,995350329,41.775092938242288
walmart_large_record.json,mixed,32,32,1,jq,1,ok,521466,22729579237,995350329,41.762323653075157
walmart_large_record.json,mixed,32,32,1,jq,2,ok,521466,22730343475,995350329,41.760919523184242
walmart_large_record.json,mixed,32,32,1,jq,3,ok,521466,22757555119,995350329,41.710985192838322
walmart_large_record.json,mixed,32,32,1,jq,4,ok,521466,22744024360,995350329,41.735799679464073
walmart_large_record.json,mixed,60,60,1,jq,0,ok,794420,22793857143,995350329,41.644555313242492
walmart_large_record.json,mixed,60,60,1,jq,1,ok,794420,22838922934,995350329,41.562382225156952
walmart_large_record.json,mixed,60,60,1,jq,2,ok,794420,22796635310,995350329,41.639480198966744
walmart_large_record.json,mixed,60,60,1,jq,3,ok,794420,22767298081,995350329,41.693135532229917
walmart_large_record.json,mixed,60,60,1,jq,4,ok,794420,23182546861,995350329,40.946322692038535
walmart_large_record.json,all,16,296,1,jq,0,ok,8186081,23821802315,995350329,39.847532610750363
walmart_large_record.json,all,16,296,1,jq,1,ok,8186081,24455664820,995350329,38.814730721101327
walmart_large_record.json,all,16,296,1,jq,2,ok,8186081,23789129834,995350329,39.90226003294724
walmart_large_record.json,all,16,296,1,jq,3,ok,8186081,23823929537,995350329,39.843974652442789
walmart_large_record.json,all,16,296,1,jq,4,ok,8186081,23814369700,995350329,39.85996927702903
wiki_large_record.json,highest,16,16,1,jq,0,ok,39631951,109809077835,1098988355,9.5445384740221844
wiki_large_record.json,highest,16,16,1,jq,1,ok,39631951,109435805523,1098988355,9.5770937417076087
wiki_large_record.json,highest,16,16,1,jq,2,ok,39631951,109356566232,1098988355,9.5840332620682194
wiki_large_record.json,highest,16,16,1,jq,3,ok,39631951,109367577874,1098988355,9.5830682965341047
wiki_large_record.json,highest,16,16,1,jq,4,ok,39631951,109740732811,1098988355,9.5504826817412951
wiki_large_record.json,highest,32,32,1,jq,0,ok,46050563,110194897016,1098988355,9.5111207195091456
wiki_large_record.json,highest,32,32,1,jq,1,ok,46050563,110130690796,1098988355,9.5166657052433639
wiki_large_record.json,highest,32,32,1,jq,2,ok,46050563,109779486305,1098988355,9.547111245184599
wiki_large_record.json,highest,32,32,1,jq,3,ok,46050563,110081341205,1098988355,9.5209320373492101
wiki_large_record.json,highest,32,32,1,jq,4,ok,46050563,110239993012,1098988355,9.5072299948256287
wiki_large_record.json,highest,60,60,1,jq,0,ok,48723063,110624584648,1098988355,9.474177657054847
wiki_large_record.json,highest,60,60,1,jq,1,ok,48723063,110263781312,1098988355,9.505178905731869
wiki_large_record.json,highest,60,60,1,jq,2,ok,48723063,110357994069,1098988355,9.4970643226602753
wiki_large_record.json,highest,60,60,1,jq,3,ok,48723063,111075916259,1098988355,9.4356815004722776
wiki_large_record.json,highest,60,60,1,jq,4,ok,48723063,110358325148,1098988355,9.4970358311209679
wiki_large_record.json,lowest,16,16,1,jq,0,ok,16,103406167972,1098988355,10.135536290996193
wiki_large_record.json,lowest,16,16,1,jq,1,ok,16,103250822954,1098988355,10.150785613205139
wiki_large_record.json,lowest,16,16,1,jq,2,ok,16,103229577517,1098988355,10.152874722561519
wiki_large_record.json,lowest,16,16,1,jq,3,ok,16,103074991650,1098988355,10.168101412531662
wiki_large_record.json,lowest,16,16,1,jq,4,ok,16,103291952446,1098988355,10.146743704365337
wiki_large_record.json,lowest,32,32,1,jq,0,ok,32,103506788760,1098988355,10.125683356124767
wiki_large_record.json,lowest,32,32,1,jq,1,ok,32,103584157344,1098988355,10.118120329081027
wiki_large_record.json,lowest,32,32,1,jq,2,ok,32,103295411377,1098988355,10.146403932386308
wiki_large_record.json,lowest,32,32,1,jq,3,ok,32,103513166093,1098988355,10.125059523842829
wiki_large_record.json,lowest,32,32,1,jq,4,ok,32,103043786998,1098988355,10.171180609010387
wiki_large_record.json,lowest,60,60,1,jq,0,ok,60,103224108704,1098988355,10.153412621836866
wiki_large_record.json,lowest,60,60,1,jq,1,ok,60,103303501159,1098988355,10.145609359162981
wiki_large_record.json,lowest,60,60,1,jq,2,ok,60,103362322203,1098988355,10.139835733708338
wiki_large_record.json,lowest,60,60,1,jq,3,ok,60,103178999189,1098988355,10.157851660038107
wiki_large_record.json,lowest,60,60,1,jq,4,ok,60,103227372130,1098988355,10.153091632257695
wiki_large_record.json,no_match,16,16,1,jq,0,ok,0,103763557065,1098988355,10.100626827360143
wiki_large_record.json,no_match,16,16,1,jq,1,ok,0,103628446529,1098988355,10.113796001947728
wiki_large_record.json,no_match,16,16,1,jq,2,ok,0,103672262761,1098988355,10.109521488975599
wiki_large_record.json,no_match,16,16,1,jq,3,ok,0,104311284909,1098988355,10.047589473251957
wiki_large_record.json,no_match,16,16,1,jq,4,ok,0,104159249719,1098988355,10.062255354378491
wiki_large_record.json,no_match,32,32,1,jq,0,ok,0,103782469024,1098988355,10.098786221309529
wiki_large_record.json,no_match,32,32,1,jq,1,ok,0,103598776365,1098988355,10.116692541815953
wiki_large_record.json,no_match,32,32,1,jq,2,ok,0,103641274928,1098988355,10.112544147311555
wiki_large_record.json,no_match,32,32,1,jq,3,ok,0,103706026614,1098988355,10.106230104582629
wiki_large_record.json,no_match,32,32,1,jq,4,ok,0,103891050869,1098988355,10.088231463888189
wiki_large_record.json,no_match,60,60,1,jq,0,ok,0,103494759627,1098988355,10.126860258146143
wiki_large_record.json,no_match,60,60,1,jq,1,ok,0,103591647127,1098988355,10.117388778538736
wiki_large_record.json,no_match,60,60,1,jq,2,ok,0,103552281276,1098988355,10.121234947973704
wiki_large_record.json,no_match,60,60,1,jq,3,ok,0,103541646226,1098988355,10.12227452812002
wiki_large_record.json,no_match,60,60,1,jq,4,ok,0,103655266015,1098988355,10.111179185449068
wiki_large_record.json,all_match,16,16,1,jq,0,ok,6848457,104458300009,1098988355,10.033448448833202
wiki_large_record.json,all_match,16,16,1,jq,1,ok,6848457,104800099691,1098988355,10.000724916133461
wiki_large_record.json,all_match,16,16,1,jq,2,ok,6848457,104246748062,1098988355,10.053809712795243
wiki_large_record.json,all_match,16,16,1,jq,3,ok,6848457,104226042009,1098988355,10.055807051586513
wiki_large_record.json,all_match,16,16,1,jq,4,ok,6848457,104548432261,1098988355,10.024798512296979
wiki_large_record.json,all_match,32,32,1,jq,0,ok,6924071,104448708875,1098988355,10.03436978285055
wiki_large_record.json,all_match,32,32,1,jq,1,ok,6924071,104351710287,1098988355,10.043697082783915
wiki_large_record.json,all_match,32,32,1,jq,2,ok,6924071,104270548238,1098988355,10.051514889907299
wiki_large_record.json,all_match,32,32,1,jq,3,ok,6924071,104427955038,1098988355,10.036363996706365
wiki_large_record.json,all_match,32,32,1,jq,4,ok,6924071,104572672606,1098988355,10.022474725704958
wiki_large_record.json,all_match,60,60,1,jq,0,ok,7024846,104314275926,1098988355,10.047301377393008
wiki_large_record.json,all_match,60,60,1,jq,1,ok,7024846,106640115557,1098988355,9.8281679714876962
wiki_large_record.json,all_match,60,60,1,jq,2,ok,7024846,104157645237,1098988355,10.062410356995523
wiki_large_record.json,all_match,60,60,1,jq,3,ok,7024846,104096403786,1098988355,10.068330221548065
wiki_large_record.json,all_match,60,60,1,jq,4,ok,7024846,104374191527,1098988355,10.041533762893222
wiki_large_record.json,mixed,16,16,1,jq,0,ok,6828587,104469415171,1098988355,10.032380926776675
wiki_large_record.json,mixed,16,16,1,jq,1,ok,6828587,104359067681,1098988355,10.042988994466372
wiki_large_record.json,mixed,16,16,1,jq,2,ok,6828587,104431019034,1098988355,10.036069530757215
wiki_large_record.json,mixed,16,16,1,jq,3,ok,6828587,104257221797,1098988355,10.052799701816078
wiki_large_record.json,mixed,16,16,1,jq,4,ok,6828587,104661438922,1098988355,10.013974382428893
wiki_large_record.json,mixed,32,32,1,jq,0,ok,6848457,104166959766,1098988355,10.061510584041693
wiki_large_record.json,mixed,32,32,1,jq,1,ok,6848457,104411403573,1098988355,10.037954977401329
wiki_large_record.json,mixed,32,32,1,jq,2,ok,6848457,104445487703,1098988355,10.034679249843267
wiki_large_record.json,mixed,32,32,1,jq,3,ok,6848457,104447176342,1098988355,10.034517015196748
wiki_large_record.json,mixed,32,32,1,jq,4,ok,6848457,104379168768,1098988355,10.041054940019487
wiki_large_record.json,mixed,60,60,1,jq,0,ok,6924044,104452304679,1098988355,10.034024346461058
wiki_large_record.json,mixed,60,60,1,jq,1,ok,6924044,104086179471,1098988355,10.069319226814972
wiki_large_record.json,mixed,60,60,1,jq,2,ok,6924044,104575332266,1098988355,10.022219824529399
wiki_large_record.json,mixed,60,60,1,jq,3,ok,6924044,104076013994,1098988355,10.070302733283732
wiki_large_record.json,mixed,60,60,1,jq,4,ok,6924044,104298053321,1098988355,10.048864142913279
wiki_large_record.json,all,16,1938,1,jq,0,ok,53172622,111261287502,1098988355,9.4199608122835556
wiki_large_record.json,all,16,1938,1,jq,1,ok,53172622,110993688566,1098988355,9.4426717566903626
wiki_large_record.json,all,16,1938,1,jq,2,ok,53172622,111428538724,1098988355,9.4058217059550699
wiki_large_record.json,all,16,1938,1,jq,3,ok,53172622,111089051625,1098988355,9.4345658087983004
wiki_large_record.json,all,16,1938,1,jq,4,ok,53172622,111073335288,1098988355,9.4359007539974815
